record,field,clause,disposition,destination,rationale
FT007.010,description,Acquiring access to social media accounts plays a critical role in financial cyber fraud schemes.,retained_or_clarified,FT007.010,"Retains the original behavior or possible downstream use, with the defining stage and evidence boundary made explicit."
FT007.010,description,"Attackers may compromise existing accounts of individuals, financial institutions, or merchants to conduct fraudulent activities, or they might leverage financial fraud to create or purchase access to social media accounts, which are then used to conduct scams or distribute malicious content.",retained_or_clarified,FT007.010,"Retains the original behavior or possible downstream use, with the defining stage and evidence boundary made explicit."
FT007.010,description,"Compromise of legitimate social media accounts often involves phishing attacks, exploiting weak passwords, or using malware to harvest credentials.",reassigned,FT008.003,"Direct takeover is explicitly delegated to the compromise record, rather than duplicated as procurement."
FT007.010,description,"Attackers might also purchase account access on dark web markets, where credentials are often sold following large data breaches.",retained_or_clarified,FT007.010,"Retains the original behavior or possible downstream use, with the defining stage and evidence boundary made explicit."
FT007.010,description,"The creation of new social media accounts specifically for fraudulent purposes often involves the use of stolen credit card information or other financial details to bypass platform restrictions, fund advertising campaigns for broader reach, or purchase followers.",retained_or_clarified,FT007.010,"Retains the original behavior or possible downstream use, with the defining stage and evidence boundary made explicit."
FT007.010,description,"In this context, adversaries may use stolen or manipulated financial details to set up new social media accounts or boost the credibility and reach of existing ones controlled by them.",retained_or_clarified,FT007.010,"Retains the original behavior or possible downstream use, with the defining stage and evidence boundary made explicit."
FT007.010,description,"The fraudulently enhanced accounts can then serve as platforms for launching further attacks, such as promoting fake investment opportunities, conducting advance-fee fraud, spreading phishing links, or impersonating official financial entities to gather sensitive information.",retained_or_clarified,FT007.010,"Retains the original behavior or possible downstream use, with the defining stage and evidence boundary made explicit."
FT007.010,description,Creating new social media profiles using stolen identities and credit card information to appear legitimate and trustworthy.,retained_or_clarified,FT007.010,"Retains the original behavior or possible downstream use, with the defining stage and evidence boundary made explicit."
FT007.010,description,"Purchasing social media advertising to promote fraudulent activities, funded by illicit financial means.",retained_or_clarified,FT007.010,"Retains the original behavior or possible downstream use, with the defining stage and evidence boundary made explicit."
FT007.010,description,"Acquiring an audience through paid followers and engagements using compromised financial accounts, enhancing the perceived legitimacy of fraudulent campaigns.",retained_or_clarified,FT007.010,"Retains the original behavior or possible downstream use, with the defining stage and evidence boundary made explicit."
FT007.010,description,Hijacking verified social media accounts of well-known merchants or financial influencers to post misleading or fraudulent content.,reassigned,FT008.003,"Direct takeover is explicitly delegated to the compromise record, rather than duplicated as procurement."
FT007.010,description,"Disseminate fraudulent messaging and schemes to a wide audience, leveraging the trust and reach of compromised or artificially boosted accounts.",retained_or_clarified,FT007.010,"Retains the original behavior or possible downstream use, with the defining stage and evidence boundary made explicit."
FT007.010,description,Utilize the direct messaging functionality of social media platforms to send phishing links or malicious content targeted at individuals or groups.,retained_or_clarified,FT007.010,"Retains the original behavior or possible downstream use, with the defining stage and evidence boundary made explicit."
FT007.010,description,Impersonate reputable entities or individuals to solicit personal and financial information for fraudulent use.,retained_or_clarified,FT007.010,"Retains the original behavior or possible downstream use, with the defining stage and evidence boundary made explicit."
FT007.010,description,Use the network effect of social media to propagate scams and fraudulent narratives rapidly.,retained_or_clarified,FT007.010,"Retains the original behavior or possible downstream use, with the defining stage and evidence boundary made explicit."
FT007.010,detection,"Monitoring for unusual activities on social media accounts associated with financial institutions or merchants, such as unexpected changes or posts.",replaced_guidance,FT007.010,"Replaces generic monitoring/prevention with owner/platform visibility, corroboration, and limits; preventive controls remain distinct from evidence."
FT007.010,detection,"Implementing strong security measures, including the use of multi-factor authentication, to prevent unauthorized account access.",replaced_guidance,FT007.010,"Replaces generic monitoring/prevention with owner/platform visibility, corroboration, and limits; preventive controls remain distinct from evidence."
FT007.010,detection,Training for employees on recognizing social engineering tactics and phishing attempts.,replaced_guidance,FT007.010,"Replaces generic monitoring/prevention with owner/platform visibility, corroboration, and limits; preventive controls remain distinct from evidence."
FT007.010,detection,Social media platforms should use automated systems to detect and suspend accounts created with suspicious patterns or funded by potential financial fraud.,replaced_guidance,FT007.010,"Replaces generic monitoring/prevention with owner/platform visibility, corroboration, and limits; preventive controls remain distinct from evidence."
FT007.010,detection,Running awareness campaigns to educate customers and the general public about common social media-based scams.,replaced_guidance,FT007.010,"Replaces generic monitoring/prevention with owner/platform visibility, corroboration, and limits; preventive controls remain distinct from evidence."
FT007.010,detection,Fraud detection teams should closely examine social media accounts linked to financial services for signs of account takeover or unauthorized activities.,replaced_guidance,FT007.010,"Replaces generic monitoring/prevention with owner/platform visibility, corroboration, and limits; preventive controls remain distinct from evidence."
FT007.010,detection,"Automated monitoring tools can analyze patterns of behavior to identify accounts being used for fraudulent activities, such as sudden spikes in follower counts, unnatural posting patterns, or the use of certain keywords associated with financial scams.",replaced_guidance,FT007.010,"Replaces generic monitoring/prevention with owner/platform visibility, corroboration, and limits; preventive controls remain distinct from evidence."
FT007.010,detection,"When fraudulent social media activity is detected, rapid coordination with social media platforms is essential for taking down harmful content or accounts and tracing the financial resources used to perpetrate these frauds.",replaced_guidance,FT007.010,"Replaces generic monitoring/prevention with owner/platform visibility, corroboration, and limits; preventive controls remain distinct from evidence."
FT007.010,detection,"Teams should also engage in proactive measures, including reporting mechanisms for customers to report suspected fraud on social media.",replaced_guidance,FT007.010,"Replaces generic monitoring/prevention with owner/platform visibility, corroboration, and limits; preventive controls remain distinct from evidence."
FT008.003,description,"Compromising social media accounts is an increasingly prevalent technique in financial cyber fraud, where attackers aim to gain control of profiles on platforms like Facebook, Twitter, LinkedIn, and Instagram.",retained_or_clarified,FT008.003,"Retains the original behavior or possible downstream use, with the defining stage and evidence boundary made explicit."
FT008.003,description,"Social media accounts often carry inherent trust with followers and can be leveraged to perform a variety of malicious activities, from spreading misinformation to phishing and spear-phishing campaigns, all of which can have financial motives and repercussions.",consequence_or_scope_exclusion,FT008.003,Retains possible downstream harm but excludes standalone harm from the access/impersonation definition; false trusted identity is required for FT021. No unsupported equivalent technique is invented.
FT008.003,description,"To compromise these accounts, fraudsters might use phishing attacks targeting the account owners, employ credential stuffing with previously leaked login details, exploit platform-specific vulnerabilities, or take over the accounts through social engineering techniques aimed at the platform's customer support.",retained_or_clarified,FT008.003,"Retains the original behavior or possible downstream use, with the defining stage and evidence boundary made explicit."
FT008.003,description,"Additionally, attackers might use illicitly obtained financial resources to buy access to already compromised accounts, especially those with a significant follower base or verified status.",reassigned,FT007.010,Buying previously compromised access is resource procurement; original takeover remains FT008.003.
FT008.003,description,"These purchased accounts are then used as a launchpad for financial fraud schemes, to sell fake ""influence"" services, or to promote scams under the guise of a trusted identity.",reassigned,FT007.010,Buying previously compromised access is resource procurement; original takeover remains FT008.003.
FT008.003,description,Phishing messages via social media DMs (Direct Messages) or emails linked to fraudulent login pages designed to harvest social media account credentials.,retained_or_clarified,FT008.003,"Retains the original behavior or possible downstream use, with the defining stage and evidence boundary made explicit."
FT008.003,description,Automated bots running credential stuffing attacks across various social media platforms to exploit reused passwords.,retained_or_clarified,FT008.003,"Retains the original behavior or possible downstream use, with the defining stage and evidence boundary made explicit."
FT008.003,description,Manipulating social media platform recovery processes to gain unauthorized control over an account.,retained_or_clarified,FT008.003,"Retains the original behavior or possible downstream use, with the defining stage and evidence boundary made explicit."
FT008.003,description,Buying and selling access to hacked social media accounts on the dark web to conduct fraudulent activities.,reassigned,FT007.010,Buying previously compromised access is resource procurement; original takeover remains FT008.003.
FT008.003,description,"To use the compromised account identity and follower trust to promote fraudulent financial schemes, such as fake investment opportunities or counterfeit products.",retained_or_clarified,FT008.003,"Retains the original behavior or possible downstream use, with the defining stage and evidence boundary made explicit."
FT008.003,description,Initiate direct financial fraud via fraudulent fundraisers or payment request scams.,retained_or_clarified,FT008.003,"Retains the original behavior or possible downstream use, with the defining stage and evidence boundary made explicit."
FT008.003,description,Exploit the compromised account as a stepping stone for further social engineering or phishing attacks on connected individuals or businesses.,retained_or_clarified,FT008.003,"Retains the original behavior or possible downstream use, with the defining stage and evidence boundary made explicit."
FT008.003,description,"Disseminate malware links that, when clicked, could compromise further accounts or lead to financial data theft.",retained_or_clarified,FT008.003,"Retains the original behavior or possible downstream use, with the defining stage and evidence boundary made explicit."
FT008.003,detection,"Social media platforms should actively monitor for signs of account compromise, such as sudden changes in posting behavior or language, and uncharacteristic outgoing messages.",replaced_guidance,FT008.003,"Replaces generic monitoring/prevention with owner/platform visibility, corroboration, and limits; preventive controls remain distinct from evidence."
FT008.003,detection,"Implement security features such as two-factor authentication (2FA), which adds a layer of protection even if passwords are compromised.",replaced_guidance,FT008.003,"Replaces generic monitoring/prevention with owner/platform visibility, corroboration, and limits; preventive controls remain distinct from evidence."
FT008.003,detection,"Educate users on the importance of using strong, unique passwords for their social media accounts and recognizing phishing attempts.",replaced_guidance,FT008.003,"Replaces generic monitoring/prevention with owner/platform visibility, corroboration, and limits; preventive controls remain distinct from evidence."
FT008.003,detection,Monitor the social media marketplace for signs of accounts being bought or sold and take action to suspend fraudulent activities.,replaced_guidance,FT008.003,"Replaces generic monitoring/prevention with owner/platform visibility, corroboration, and limits; preventive controls remain distinct from evidence."
FT008.003,detection,Fraud detection and response involves real-time surveillance of social media channels for signs of account takeover.,replaced_guidance,FT008.003,"Replaces generic monitoring/prevention with owner/platform visibility, corroboration, and limits; preventive controls remain distinct from evidence."
FT008.003,detection,"Teams should have tools in place to track and analyze account behavior, flag any irregularities, and take swift action.",replaced_guidance,FT008.003,"Replaces generic monitoring/prevention with owner/platform visibility, corroboration, and limits; preventive controls remain distinct from evidence."
FT008.003,detection,"Anomaly detection systems can help in identifying unauthorized access, and network analysis can uncover connections between compromised accounts and fraudulent financial activities.",replaced_guidance,FT008.003,"Replaces generic monitoring/prevention with owner/platform visibility, corroboration, and limits; preventive controls remain distinct from evidence."
FT008.003,detection,Coordination with social media platforms is crucial to quickly regain control of compromised accounts and to prevent the spread of fraud.,replaced_guidance,FT008.003,"Replaces generic monitoring/prevention with owner/platform visibility, corroboration, and limits; preventive controls remain distinct from evidence."
FT008.003,detection,"Additionally, teams can work with financial institutions to trace back the illicit transactions used to procure stolen accounts and uncover larger fraud networks.",replaced_guidance,FT008.003,"Replaces generic monitoring/prevention with owner/platform visibility, corroboration, and limits; preventive controls remain distinct from evidence."
FT018,description,"Social media attacks are a broad category of malicious activities carried out on platforms like Facebook, Twitter, LinkedIn, Instagram, and more.",retained_or_clarified,FT018,"Retains the original behavior or possible downstream use, with the defining stage and evidence boundary made explicit."
FT018,description,"These attacks aim to trick victims into disclosing sensitive information, such as passwords and financial data, or to distribute harmful content including fraudulent links, phishing attempts, or malware.",retained_or_clarified,FT018,"Retains the original behavior or possible downstream use, with the defining stage and evidence boundary made explicit."
FT018,description,"Social media users are often targeted for their personal information, which can be used in various forms of identity theft, financial fraud, or to gain unauthorized access to secure systems.",retained_or_clarified,FT018,"Retains the original behavior or possible downstream use, with the defining stage and evidence boundary made explicit."
FT018,description,"Fraudsters can execute social media attacks using fake profiles, compromised accounts, or pages created to mimic real organizations.",retained_or_clarified,FT018,"Retains the original behavior or possible downstream use, with the defining stage and evidence boundary made explicit."
FT018,description,"Tactics include spearphishing, where specific individuals are targeted with personalized messages, baiting users by offering fake freebies or exclusive content, and pretexting, which involves creating a fabricated scenario or story to obtain private information.",retained_or_clarified,FT018,"Retains the original behavior or possible downstream use, with the defining stage and evidence boundary made explicit."
FT018,description,"Sending direct messages from a hacked account to the victim’s contacts, urging them to click on malicious links under the guise of legitimate requests or offers.",retained_or_clarified,FT018,"Retains the original behavior or possible downstream use, with the defining stage and evidence boundary made explicit."
FT018,description,"Creating fake profiles or pages that appear to belong to well-known companies or brands, advertising non-existent deals or discounts that lead to phishing sites.",retained_or_clarified,FT018,"Retains the original behavior or possible downstream use, with the defining stage and evidence boundary made explicit."
FT018,description,Spread of deceptive posts or tweets encouraging users to visit fraudulent websites designed to steal login credentials or install malware.,retained_or_clarified,FT018,"Retains the original behavior or possible downstream use, with the defining stage and evidence boundary made explicit."
FT018,description,Leveraging trending topics or events to distribute manipulated content or links that redirect to fraudulent sites.,retained_or_clarified,FT018,"Retains the original behavior or possible downstream use, with the defining stage and evidence boundary made explicit."
FT018,description,Stealing user credentials in order to access financial accounts or perpetrate identity theft.,retained_or_clarified,FT018,"Retains the original behavior or possible downstream use, with the defining stage and evidence boundary made explicit."
FT018,description,Compiling personal details harvested from social media interactions for social engineering schemes.,retained_or_clarified,FT018,"Retains the original behavior or possible downstream use, with the defining stage and evidence boundary made explicit."
FT018,description,"Distributing malware that can hijack personal computers for further malicious activities, such as ransomware attacks or unauthorized cryptocurrency mining.",consequence_or_scope_exclusion,FT018,Retains possible downstream harm but excludes standalone harm from the access/impersonation definition; false trusted identity is required for FT021. No unsupported equivalent technique is invented.
FT018,description,Damaging reputations or causing embarrassment by taking over social media accounts and posting inappropriate or malicious content.,consequence_or_scope_exclusion,FT018,Retains possible downstream harm but excludes standalone harm from the access/impersonation definition; false trusted identity is required for FT021. No unsupported equivalent technique is invented.
FT018,detection,"Detection of malicious activities on social media requires advanced security systems capable of content analysis, behavior monitoring, and pattern recognition.",replaced_guidance,FT018,"Replaces generic monitoring/prevention with owner/platform visibility, corroboration, and limits; preventive controls remain distinct from evidence."
FT018,detection,Deployment of anti-phishing and anti-malware software on users’ devices to identify and block suspicious activities originating from social media links.,replaced_guidance,FT018,"Replaces generic monitoring/prevention with owner/platform visibility, corroboration, and limits; preventive controls remain distinct from evidence."
FT018,detection,"Implementation of robust authentication methods, such as two-factor authentication, to prevent unauthorized access to accounts, even if login details are compromised.",replaced_guidance,FT018,"Replaces generic monitoring/prevention with owner/platform visibility, corroboration, and limits; preventive controls remain distinct from evidence."
FT018,detection,Regularly updating social media privacy settings and encouraging user awareness and vigilance in regard to suspicious or unsolicited messages and posts.,replaced_guidance,FT018,"Replaces generic monitoring/prevention with owner/platform visibility, corroboration, and limits; preventive controls remain distinct from evidence."
FT018,detection,"Fraud detection teams should actively monitor for harmful content across social media platforms using automated tools and techniques, such as sentiment analysis to spot phishing posts and image recognition software to identify fake profiles.",replaced_guidance,FT018,"Replaces generic monitoring/prevention with owner/platform visibility, corroboration, and limits; preventive controls remain distinct from evidence."
FT018,detection,User education campaigns to inform about common attack methods and best practices for online safety are crucial.,replaced_guidance,FT018,"Replaces generic monitoring/prevention with owner/platform visibility, corroboration, and limits; preventive controls remain distinct from evidence."
FT018,detection,Such teams also work with social media platforms to report and take down malicious content and implement preventative measures.,replaced_guidance,FT018,"Replaces generic monitoring/prevention with owner/platform visibility, corroboration, and limits; preventive controls remain distinct from evidence."
FT018,detection,"After an attack is detected, rapid incident response efforts, including account recovery and damage assessment, are vital to mitigate the impact on victims.",replaced_guidance,FT018,"Replaces generic monitoring/prevention with owner/platform visibility, corroboration, and limits; preventive controls remain distinct from evidence."
FT021,description,"Social media attacks encompass a range of malicious activities carried out through platforms like Facebook, Twitter, LinkedIn, Instagram, and others.",retained_or_clarified,FT021,"Retains the original behavior or possible downstream use, with the defining stage and evidence boundary made explicit."
FT021,description,"These attacks can be aimed at individuals or organizations and often involve the use of deception, misinformation, account takeover, or exploiting platform-specific mechanisms to achieve financial gain, data theft, disruption, or reputational damage.",consequence_or_scope_exclusion,FT021,Retains possible downstream harm but excludes standalone harm from the access/impersonation definition; false trusted identity is required for FT021. No unsupported equivalent technique is invented.
FT021,description,"Attackers might impersonate individuals or brands, creating fake profiles or hacking into existing accounts to dupe followers and contacts.",reassigned,FT008.003 / FT018,Direct takeover is FT008.003; access-seeking malicious delivery is FT018; neither alone constitutes impersonation.
FT021,description,Phishing campaigns via direct messages or posts can trick users into revealing sensitive information or clicking on malicious links.,retained_or_clarified,FT021,"Retains the original behavior or possible downstream use, with the defining stage and evidence boundary made explicit."
FT021,description,Social engineering tactics can be employed to manipulate individuals into unauthorized actions.,retained_or_clarified,FT021,"Retains the original behavior or possible downstream use, with the defining stage and evidence boundary made explicit."
FT021,description,"Malware distribution, exploitation of platform vulnerabilities, and coordination of mass harassment or 'doxxing' campaigns can also be classified as social media attacks.",consequence_or_scope_exclusion,FT021,Retains possible downstream harm but excludes standalone harm from the access/impersonation definition; false trusted identity is required for FT021. No unsupported equivalent technique is invented.
FT021,description,Posting fraudulent messages or links from a compromised business account on social media to steer customers to phishing sites where their credentials are harvested.,retained_or_clarified,FT021,"Retains the original behavior or possible downstream use, with the defining stage and evidence boundary made explicit."
FT021,description,"Creating fake profiles that impersonate company executives, using them to solicit private information from employees or partners.",retained_or_clarified,FT021,"Retains the original behavior or possible downstream use, with the defining stage and evidence boundary made explicit."
FT021,description,"Leveraging social media to spread misinformation or harm a company’s reputation, thereby affecting their stock value or customer trust.",consequence_or_scope_exclusion,FT021,Retains possible downstream harm but excludes standalone harm from the access/impersonation definition; false trusted identity is required for FT021. No unsupported equivalent technique is invented.
FT021,description,Initiating a coordinated attack to propagate a hashtag with defamatory content to tarnish a brand's image.,consequence_or_scope_exclusion,FT021,Retains possible downstream harm but excludes standalone harm from the access/impersonation definition; false trusted identity is required for FT021. No unsupported equivalent technique is invented.
FT021,description,Direct financial theft through phishing and scams that collect payment details or through the sale of fake products and services.,retained_or_clarified,FT021,"Retains the original behavior or possible downstream use, with the defining stage and evidence boundary made explicit."
FT021,description,"Data theft, where personal or company information is targeted for use in further fraud or sold on the dark web.",retained_or_clarified,FT021,"Retains the original behavior or possible downstream use, with the defining stage and evidence boundary made explicit."
FT021,description,"Reputational damage aimed at discrediting an individual or organization, potentially for competitive advantage or personal vendetta.",consequence_or_scope_exclusion,FT021,Retains possible downstream harm but excludes standalone harm from the access/impersonation definition; false trusted identity is required for FT021. No unsupported equivalent technique is invented.
FT021,description,"Disruption of normal business operations, distraction of security resources, or creation of public relation crisis.",consequence_or_scope_exclusion,FT021,Retains possible downstream harm but excludes standalone harm from the access/impersonation definition; false trusted identity is required for FT021. No unsupported equivalent technique is invented.
FT021,detection,Regular monitoring of social media for unauthorized or fraudulent posts and direct messages using brand or keyword alerts.,replaced_guidance,FT021,"Replaces generic monitoring/prevention with owner/platform visibility, corroboration, and limits; preventive controls remain distinct from evidence."
FT021,detection,Educating employees and customers on recognizing and reporting phishing attempts or impersonation.,replaced_guidance,FT021,"Replaces generic monitoring/prevention with owner/platform visibility, corroboration, and limits; preventive controls remain distinct from evidence."
FT021,detection,Implementing two-factor authentication where possible and conducting regular security checks on social media accounts.,replaced_guidance,FT021,"Replaces generic monitoring/prevention with owner/platform visibility, corroboration, and limits; preventive controls remain distinct from evidence."
FT021,detection,"Preparing contingency plans for rapid response in case of account takeover or harassment campaigns, including pre-authorized messaging and coordination with social media platforms for support.",replaced_guidance,FT021,"Replaces generic monitoring/prevention with owner/platform visibility, corroboration, and limits; preventive controls remain distinct from evidence."
FT021,detection,"Analysis teams should track social media for signs of illicit activities related to the brand or organization, using social listening tools and threat intelligence networks to detect emerging threats.",replaced_guidance,FT021,"Replaces generic monitoring/prevention with owner/platform visibility, corroboration, and limits; preventive controls remain distinct from evidence."
FT021,detection,Proactively engaging with social media platforms to understand their policies on account recovery and abuse reporting can facilitate faster recovery from attacks.,replaced_guidance,FT021,"Replaces generic monitoring/prevention with owner/platform visibility, corroboration, and limits; preventive controls remain distinct from evidence."
FT021,detection,Teams should employ advanced analytics and AI models to predict potential attack vectors and identify abnormalities in social media interactions that might signal an attack.,replaced_guidance,FT021,"Replaces generic monitoring/prevention with owner/platform visibility, corroboration, and limits; preventive controls remain distinct from evidence."
FT021,detection,"Following an incident, detailed investigation into the attack's nature and source is crucial to prevent recurrence and update defense strategies.",replaced_guidance,FT021,"Replaces generic monitoring/prevention with owner/platform visibility, corroboration, and limits; preventive controls remain distinct from evidence."
