catalog,id,input_sha,scope_verdict,tactic_verdict,parent_verdict,description_examples_verdict,detection_verdict,overlap_ids,finding_ids,source_urls,rationale,reviewer
techniques,FT001,7b7fc1a140235d1adb0f4a6ad21169d7753bed50,confirmed_defect,coherent_in_text,not_applicable,confirmed_defect,coherent_in_text,FT016;FT018,SEM-001,https://attack.mitre.org/techniques/T1566/003/;https://attack.mitre.org/techniques/T1585/001/;https://attack.mitre.org/techniques/T1586/001/,"Reconnaissance by information elicitation is coherent, but the stated data-versus-code boundary conflicts with credential-capture Initial Access in FT016/FT018; purpose needs to govern mapping. Visibility limitation is candid.",codex-fresh-final-catalog-review
techniques,FT002,7b7fc1a140235d1adb0f4a6ad21169d7753bed50,coherent_in_text,coherent_in_text,not_applicable,coherent_in_text,coherent_in_text,FT004;FT005,,,Victim-owned website is the source-specific collection behavior; later resource and access actions are explicitly consequences. Detection appropriately acknowledges external visibility limits.,codex-fresh-final-catalog-review
techniques,FT003,7b7fc1a140235d1adb0f4a6ad21169d7753bed50,coherent_in_text,coherent_in_text,not_applicable,coherent_in_text,confirmed_defect,FT005.001;FT006;FT011.002,SEM-002,https://pages.nist.gov/800-63-4/sp800-63b.html,Searching already leaked credential sets differs from scanning exposed files and subsequent credential use. Breach monitoring observes exposure rather than the adversary search; routine password rotation advice needs correction.,codex-fresh-final-catalog-review
techniques,FT004,7b7fc1a140235d1adb0f4a6ad21169d7753bed50,coherent_in_text,coherent_in_text,not_applicable,coherent_in_text,coherent_in_text,FT002;FT005,,,Organizational attributes are coherent Reconnaissance targets; linked identity attributes overlap but organizational relationships and tempo distinguish this parent. Detection admits limited visibility.,codex-fresh-final-catalog-review
techniques,FT004.001,7b7fc1a140235d1adb0f4a6ad21169d7753bed50,coherent_in_text,coherent_in_text,confirmed_defect,coherent_in_text,coherent_in_text,FT014,V1-013;V1-014,,Business relationship discovery fits FT004 semantically; dependency exploitation is later use. Declared FT0004 is invalid and already dispositioned.,codex-fresh-final-catalog-review
techniques,FT004.002,7b7fc1a140235d1adb0f4a6ad21169d7753bed50,coherent_in_text,coherent_in_text,confirmed_defect,coherent_in_text,coherent_in_text,FT004,V1-015;V1-016,,"Physical-location collection fits organization-information discovery, distinct from exploiting premises. Invalid declared parent already recorded; passive detection limit appropriate.",codex-fresh-final-catalog-review
techniques,FT004.003,7b7fc1a140235d1adb0f4a6ad21169d7753bed50,coherent_in_text,coherent_in_text,confirmed_defect,coherent_in_text,coherent_in_text,FT004,V1-017;V1-018,,Operational tempo is a distinct information target; later timed attacks are consequences. Invalid declared parent already recorded; passive collection visibility is limited.,codex-fresh-final-catalog-review
techniques,FT004.004,7b7fc1a140235d1adb0f4a6ad21169d7753bed50,coherent_in_text,coherent_in_text,confirmed_defect,coherent_in_text,coherent_in_text,FT005.003,V1-019;V1-020,,Role and entitlement discovery is more specific than employee names alone. Semantically fits FT004 despite invalid parent; public collection visibility limitation is reasonable.,codex-fresh-final-catalog-review
techniques,FT005,7b7fc1a140235d1adb0f4a6ad21169d7753bed50,coherent_in_text,coherent_in_text,not_applicable,coherent_in_text,coherent_in_text,FT004;FT053,,,"Victim identity collection is coherent Reconnaissance. Children partition credentials, emails and names; overlaps with payment-information collection require objective-based mapping.",codex-fresh-final-catalog-review
techniques,FT005.001,7b7fc1a140235d1adb0f4a6ad21169d7753bed50,coherent_in_text,coherent_in_text,coherent_in_text,coherent_in_text,coherent_in_text,FT003;FT006;FT011.001;FT011.002,,,"Credentials are the information object; leaks, purchases and phishing are acquisition routes and takeover is follow-on. Reconnaissance plausible; scope crosses cookie theft/MFA service compromise, so collection routes are not synonyms.",codex-fresh-final-catalog-review
techniques,FT005.002,7b7fc1a140235d1adb0f4a6ad21169d7753bed50,coherent_in_text,coherent_in_text,coherent_in_text,coherent_in_text,coherent_in_text,FT002;FT005.003,,,Email-address discovery fits the parent; enumeration is an active route and public directories passive. Detection appropriately avoids claiming enterprise observation of all searches.,codex-fresh-final-catalog-review
techniques,FT005.003,7b7fc1a140235d1adb0f4a6ad21169d7753bed50,coherent_in_text,coherent_in_text,coherent_in_text,coherent_in_text,coherent_in_text,FT004.004,,,Names alone differ from roles and privileges. Fits identity parent and Reconnaissance; passive collection caveat adequate.,codex-fresh-final-catalog-review
techniques,FT006,7b7fc1a140235d1adb0f4a6ad21169d7753bed50,coherent_in_text,coherent_in_text,not_applicable,coherent_in_text,coherent_in_text,FT003;FT005.001,,,"Automated exposed-secret search is coherent; credential use is a separate follow-on. Exposure scanners provide practical defender evidence, although they do not prove adversary scanning.",codex-fresh-final-catalog-review
techniques,FT006.001,7b7fc1a140235d1adb0f4a6ad21169d7753bed50,coherent_in_text,coherent_in_text,confirmed_defect,coherent_in_text,coherent_in_text,FT006,V1-021;V1-022,,GitHub repository/history search fits FT006; secret prevention and exposure monitoring complement later API misuse signals. Blank parent is a known structural defect.,codex-fresh-final-catalog-review
techniques,FT006.002,7b7fc1a140235d1adb0f4a6ad21169d7753bed50,confirmed_defect,coherent_in_text,confirmed_defect,confirmed_defect,coherent_in_text,FT006;FT011.002,V1-023;SEM-003,,Description mixes exposed-file discovery with active password guessing and authentication bypass; these exceed parent secret-exposure scanning. Detection follows brute force and misses a clean collection boundary.,codex-fresh-final-catalog-review
techniques,FT006.003,7b7fc1a140235d1adb0f4a6ad21169d7753bed50,coherent_in_text,coherent_in_text,confirmed_defect,coherent_in_text,unresolved,FT005.001;FT008,V1-024;SEM-004,,Telegram message searching fits credential collection but compromised-account history is post-access. Detection assumes access to channels/messages; ownership and monitoring visibility require qualification.,codex-fresh-final-catalog-review
techniques,FT007,7b7fc1a140235d1adb0f4a6ad21169d7753bed50,unresolved,unresolved,not_applicable,unresolved,coherent_in_text,FT008;FT009;FT010,SEM-005,,"Parent defines unauthorized infiltration while children also rent, buy and establish resources. Resource Development works only with preparation-for-another-target boundary, not all direct victim intrusion.",codex-fresh-final-catalog-review
techniques,FT007.001,7b7fc1a140235d1adb0f4a6ad21169d7753bed50,coherent_in_text,coherent_in_text,confirmed_defect,coherent_in_text,unresolved,FT009;FT045,V1-025;SEM-004,,Botnet acquisition/building is preparatory; credential stuffing and DDoS are downstream uses. Traffic detects use rather than procurement. Parent mismatch is already recorded.,codex-fresh-final-catalog-review
techniques,FT007.002,7b7fc1a140235d1adb0f4a6ad21169d7753bed50,unresolved,unresolved,confirmed_defect,unresolved,unresolved,FT009;FT012,V1-026;SEM-005;SEM-006,https://www.icann.org/resources/pages/dnssec-what-is-it-why-important-2019-03-05-en,"DNS takeover and cache poisoning are distinct mechanisms mixed here; victim redirection dominates rather than infrastructure procurement. DNSSEC protects authenticated resolution, not arbitrary authorized-management changes.",codex-fresh-final-catalog-review
techniques,FT007.003,7b7fc1a140235d1adb0f4a6ad21169d7753bed50,coherent_in_text,coherent_in_text,confirmed_defect,coherent_in_text,confirmed_defect,FT017;FT018,V1-027;SEM-007,,Malvertising delivery is coherent but Resource Development should isolate ad procurement; detection is DNS-hijacking text and does not describe malicious ads or browser execution.,codex-fresh-final-catalog-review
techniques,FT007.004,7b7fc1a140235d1adb0f4a6ad21169d7753bed50,unresolved,unresolved,confirmed_defect,unresolved,coherent_in_text,FT009;FT011,V1-028;SEM-005,,"Direct intrusion into financial servers is conflated with preparation of attack resources. Owner-side authentication, integrity and network evidence are plausible; intended victim/resource boundary needs decision.",codex-fresh-final-catalog-review
techniques,FT007.005,7b7fc1a140235d1adb0f4a6ad21169d7753bed50,coherent_in_text,coherent_in_text,confirmed_defect,coherent_in_text,coherent_in_text,FT007.007;FT009,V1-029,,Edited scope is unauthorized control of existing VPS; excludes paid provisioning as defining mechanism. Provider/owner logs distinguished from financial-institution downstream signals. Existing parent mismatch remains.,codex-fresh-final-catalog-review
techniques,FT007.006,7b7fc1a140235d1adb0f4a6ad21169d7753bed50,coherent_in_text,coherent_in_text,confirmed_defect,coherent_in_text,unresolved,FT007.008,V1-030;SEM-004,,"VPN procurement/compromise as a resource is coherent; VPN-origin requests prove use, not theft or fraudulent acquisition. Detection needs explicit legitimate-use and provider-visibility limits.",codex-fresh-final-catalog-review
techniques,FT007.007,7b7fc1a140235d1adb0f4a6ad21169d7753bed50,coherent_in_text,coherent_in_text,confirmed_defect,coherent_in_text,coherent_in_text,FT007.005;FT007.008,V1-031,,Edited scope is stolen-payment rental/provisioning; takeover excluded. Signup/billing evidence belongs to provider; downstream abuse alone explicitly insufficient. Existing parent mismatch remains.,codex-fresh-final-catalog-review
techniques,FT007.008,7b7fc1a140235d1adb0f4a6ad21169d7753bed50,unresolved,coherent_in_text,confirmed_defect,unresolved,coherent_in_text,FT008.001;FT010.001,V1-032;SEM-008,,Cloud acquisition includes both compromise and provisioning; execution covers provisioning. Resource objective coherent but overlaps two named peers without a mapping boundary.,codex-fresh-final-catalog-review
techniques,FT007.009,7b7fc1a140235d1adb0f4a6ad21169d7753bed50,unresolved,coherent_in_text,confirmed_defect,unresolved,coherent_in_text,FT008.002;FT010.002,V1-033;SEM-008,,"Purchased premium email resources are coherent, while intro also claims compromise. Payment evidence is differentiated from mail abuse; overlap with establishment/compromise needs policy.",codex-fresh-final-catalog-review
techniques,FT007.010,7b7fc1a140235d1adb0f4a6ad21169d7753bed50,unresolved,coherent_in_text,confirmed_defect,unresolved,coherent_in_text,FT008.003;FT010.003;FT018;FT021,V1-034;SEM-009,https://attack.mitre.org/techniques/T1566/003/;https://attack.mitre.org/techniques/T1585/001/;https://attack.mitre.org/techniques/T1586/001/,"Edited record clearly separates procurement from takeover and later lures/impersonation. Creation/cultivation still overlaps existing FT010.003; document intentional umbrella mapping, without merging identity.",codex-fresh-final-catalog-review
techniques,FT008,7b7fc1a140235d1adb0f4a6ad21169d7753bed50,unresolved,unresolved,not_applicable,unresolved,confirmed_defect,FT007;FT011,SEM-002;SEM-005,https://pages.nist.gov/800-63-4/sp800-63b.html,"Compromise is a method; Resource Development needs a third-party resource purpose, whereas prose also covers direct victim theft. Login and change telemetry is plausible; regular password-change advice is outdated.",codex-fresh-final-catalog-review
techniques,FT008.001,7b7fc1a140235d1adb0f4a6ad21169d7753bed50,unresolved,coherent_in_text,confirmed_defect,unresolved,coherent_in_text,FT007.008;FT010.001,V1-035;SEM-008,,Cloud takeover concept is clear but stolen-payment creation and purchased access are included as compromise examples. These should be mapped distinctly; provider log access is assumed.,codex-fresh-final-catalog-review
techniques,FT008.002,7b7fc1a140235d1adb0f4a6ad21169d7753bed50,unresolved,coherent_in_text,confirmed_defect,unresolved,coherent_in_text,FT007.009;FT010.002,V1-036;SEM-008,,"Email takeover differs from purchasing already-compromised access; record includes both. Authentication, forwarding and settings changes support compromise where provider/owner telemetry exists.",codex-fresh-final-catalog-review
techniques,FT008.003,7b7fc1a140235d1adb0f4a6ad21169d7753bed50,coherent_in_text,coherent_in_text,confirmed_defect,coherent_in_text,coherent_in_text,FT007.010;FT011;FT018;FT021,V1-037,https://attack.mitre.org/techniques/T1566/003/;https://attack.mitre.org/techniques/T1585/001/;https://attack.mitre.org/techniques/T1586/001/,"Edited unauthorized takeover targets existing social account as a trusted resource. Buyer procurement, later impersonation and lures clearly distinguished; visibility and corroboration explicit.",codex-fresh-final-catalog-review
techniques,FT009,7b7fc1a140235d1adb0f4a6ad21169d7753bed50,coherent_in_text,coherent_in_text,not_applicable,coherent_in_text,coherent_in_text,FT007.001;FT007.002;FT007.004;FT007.005,,,Compromise of third-party infrastructure for later operations is coherent Resource Development; broad Acquire Access peers already cover examples. External-visibility caveat appropriate.,codex-fresh-final-catalog-review
techniques,FT010,7b7fc1a140235d1adb0f4a6ad21169d7753bed50,coherent_in_text,coherent_in_text,not_applicable,coherent_in_text,coherent_in_text,FT007,,,Creating/cultivating resources fits Resource Development; persona use is downstream. Broad Acquire Access overlaps establishment; no identity merger inferred.,codex-fresh-final-catalog-review
techniques,FT010.001,7b7fc1a140235d1adb0f4a6ad21169d7753bed50,unresolved,coherent_in_text,confirmed_defect,unresolved,coherent_in_text,FT007.008;FT008.001,V1-038;SEM-008,,"Cloud-account creation differs from direct takeover, but FT007.008 duplicates provisioning. Parent semantically FT010, declared FT011 is pre-existing error. External-visibility limitation appropriate.",codex-fresh-final-catalog-review
techniques,FT010.002,7b7fc1a140235d1adb0f4a6ad21169d7753bed50,unresolved,coherent_in_text,confirmed_defect,unresolved,coherent_in_text,FT007.009;FT008.002,V1-039;SEM-008,,"Email creation differs from takeover; paid creation overlaps acquisition peer. Parent semantic fit FT010, not current FT011. Detection appropriately acknowledges external activity.",codex-fresh-final-catalog-review
techniques,FT010.003,7b7fc1a140235d1adb0f4a6ad21169d7753bed50,unresolved,coherent_in_text,confirmed_defect,unresolved,coherent_in_text,FT007.010;FT021,V1-040;SEM-009,https://attack.mitre.org/techniques/T1566/003/;https://attack.mitre.org/techniques/T1585/001/;https://attack.mitre.org/techniques/T1586/001/,"Social persona creation/cultivation fits establishment; subsequent impersonation/lures separate. Same creation behavior retained in edited procurement umbrella, requiring documented overlap mapping.",codex-fresh-final-catalog-review
techniques,FT010.004,7b7fc1a140235d1adb0f4a6ad21169d7753bed50,confirmed_defect,coherent_in_text,confirmed_defect,confirmed_defect,unresolved,FT006.003,V1-041;SEM-004;SEM-010,https://core.telegram.org/api/end-to-end;https://www.telegram.org/faq,Telegram-account creation is coherent resource preparation; end-to-end encryption is generalized to bot/group C2 despite Telegram cloud/secret-chat distinction. Network use cannot prove account establishment.,codex-fresh-final-catalog-review
techniques,FT011,7b7fc1a140235d1adb0f4a6ad21169d7753bed50,coherent_in_text,coherent_in_text,not_applicable,coherent_in_text,coherent_in_text,FT008;FT013;FT015,,,"Victim merchant-account takeover fits Initial Access, distinguishable from preparing a third-party resource. Login/settings/transaction signals are useful corroborative leads.",codex-fresh-final-catalog-review
techniques,FT011.001,7b7fc1a140235d1adb0f4a6ad21169d7753bed50,unresolved,coherent_in_text,confirmed_defect,unresolved,coherent_in_text,FT006;FT013,V1-042;SEM-011,,"API credential use is distinct from prior exposure scanning. All examples chiefly describe exposure, and permissions/key type constrain control; takeover should require evidence of unauthorized use.",codex-fresh-final-catalog-review
techniques,FT011.002,7b7fc1a140235d1adb0f4a6ad21169d7753bed50,unresolved,coherent_in_text,confirmed_defect,unresolved,coherent_in_text,FT003;FT016,V1-043;SEM-011,,"Use of leaked login credentials fits takeover; password spraying is a different acquisition mechanism and listed phish is earlier in chain. Signals are plausible, not proof alone.",codex-fresh-final-catalog-review
techniques,FT011.003,7b7fc1a140235d1adb0f4a6ad21169d7753bed50,coherent_in_text,coherent_in_text,confirmed_defect,coherent_in_text,confirmed_defect,FT012;FT016,V1-044;SEM-012,https://cheatsheetseries.owasp.org/cheatsheets/Session_Management_Cheat_Sheet.html,"Stolen bearer sessions can enable Initial Access, distinct from passwords; SameSite/CSRF token-theft claim conflates request forgery with confidentiality. Named malware examples need retained evidence.",codex-fresh-final-catalog-review
techniques,FT011.004,7b7fc1a140235d1adb0f4a6ad21169d7753bed50,unresolved,coherent_in_text,confirmed_defect,unresolved,confirmed_defect,FT015;FT016.002,V1-045;SEM-013;SEM-014,https://pages.nist.gov/800-63-4/sp800-63b.html,"Self-service recovery via PII fits ATO but lacks concrete recovery prerequisites, examples and detection. PII alone should not be asserted sufficient across platforms.",codex-fresh-final-catalog-review
techniques,FT011.005,7b7fc1a140235d1adb0f4a6ad21169d7753bed50,unresolved,coherent_in_text,confirmed_defect,unresolved,confirmed_defect,FT015;FT052,V1-046;SEM-013;SEM-014,https://pages.nist.gov/800-63-4/sp800-63b.html,"Fake-ID recovery can enable takeover, while FT052 is document fabrication. Needs verification/recovery prerequisites and detection; a submitted fake ID does not itself establish access.",codex-fresh-final-catalog-review
techniques,FT011.006,7b7fc1a140235d1adb0f4a6ad21169d7753bed50,unresolved,coherent_in_text,confirmed_defect,unresolved,confirmed_defect,FT008.002;FT015,V1-047;SEM-013;SEM-014,https://pages.nist.gov/800-63-4/sp800-63b.html,"Compromised email followed by password reset is a coherent takeover chain; lacks recovery constraints, MFA implications, examples and detection.",codex-fresh-final-catalog-review
techniques,FT012,7b7fc1a140235d1adb0f4a6ad21169d7753bed50,coherent_in_text,coherent_in_text,not_applicable,coherent_in_text,confirmed_defect,FT019;FT032.001;FT055,SEM-015,,"XSS-induced redirection is distinct from copied-site creation and in-page skimming; form-action tampering overlaps data theft. Detection field lists prevention only, leaving observability undefined.",codex-fresh-final-catalog-review
techniques,FT013,7b7fc1a140235d1adb0f4a6ad21169d7753bed50,unresolved,coherent_in_text,not_applicable,unresolved,confirmed_defect,FT011;FT011.001,SEM-013;SEM-016,,Resource Hijacking text repeats account/API-key takeover instead of specifying resource-consumption hijacking. No detection; owner should decide distinct concept or retained alias lineage.,codex-fresh-final-catalog-review
techniques,FT014,7b7fc1a140235d1adb0f4a6ad21169d7753bed50,coherent_in_text,coherent_in_text,not_applicable,coherent_in_text,coherent_in_text,FT004.001;FT031;FT032.001,,,Compromising suppliers/integrations to reach merchant data fits Initial Access; supplier compromise alone does not grant all customers' secrets. Integration/endpoint telemetry depends on supplier access.,codex-fresh-final-catalog-review
techniques,FT015,7b7fc1a140235d1adb0f4a6ad21169d7753bed50,coherent_in_text,coherent_in_text,not_applicable,coherent_in_text,coherent_in_text,FT011.004;FT011.005;FT011.006,,,"Recovery/support workflow abuse coherently specifies the mechanism underlying several ATO children. Correlating support contacts, approvals and access activity is suitable.",codex-fresh-final-catalog-review
techniques,FT016,7b7fc1a140235d1adb0f4a6ad21169d7753bed50,confirmed_defect,coherent_in_text,not_applicable,confirmed_defect,coherent_in_text,FT001;FT018,SEM-001,https://attack.mitre.org/techniques/T1566/003/;https://attack.mitre.org/techniques/T1585/001/;https://attack.mitre.org/techniques/T1586/001/,"Credential/payment/PII lures are coherent, but contrast in FT001 wrongly reserves Initial Access phishing to code execution. Access-seeking versus targeting-information purpose should separate mappings.",codex-fresh-final-catalog-review
techniques,FT016.001,7b7fc1a140235d1adb0f4a6ad21169d7753bed50,coherent_in_text,coherent_in_text,coherent_in_text,coherent_in_text,coherent_in_text,FT016;FT018,,,Merchant credentials are the target object; email/SMS/social are channels. Explicit subset fits parent; social example can also map FT018 without identity collapse.,codex-fresh-final-catalog-review
techniques,FT016.002,7b7fc1a140235d1adb0f4a6ad21169d7753bed50,unresolved,coherent_in_text,coherent_in_text,unresolved,confirmed_defect,FT011.004;FT015,SEM-013;SEM-014,https://pages.nist.gov/800-63-4/sp800-63b.html,PII elicitation intended for recovery fits phishing; claim of resetting 2FA needs workflow prerequisites and detection. Sparse record remains reviewable but incomplete.,codex-fresh-final-catalog-review
techniques,FT016.003,7b7fc1a140235d1adb0f4a6ad21169d7753bed50,unresolved,coherent_in_text,coherent_in_text,unresolved,confirmed_defect,FT011,SEM-013;SEM-014,https://pages.nist.gov/800-63-4/sp800-63b.html,Backup-code elicitation fits phishing; code usually replaces one authentication factor rather than universally granting access directly. Password/session prerequisites and detection absent.,codex-fresh-final-catalog-review
techniques,FT017,7b7fc1a140235d1adb0f4a6ad21169d7753bed50,coherent_in_text,coherent_in_text,not_applicable,coherent_in_text,coherent_in_text,FT007.003;FT032.001;FT054,,,"Specific scope is malicious advertising leading to skimming, narrower than broad ad fraud. Initial Access is plausible for traffic delivery; compromised-merchant and fake-storefront examples are distinct paths.",codex-fresh-final-catalog-review
techniques,FT018,7b7fc1a140235d1adb0f4a6ad21169d7753bed50,coherent_in_text,coherent_in_text,not_applicable,coherent_in_text,coherent_in_text,FT016;FT007.010;FT008.003;FT021,,https://attack.mitre.org/techniques/T1566/003/;https://attack.mitre.org/techniques/T1585/001/;https://attack.mitre.org/techniques/T1586/001/,Edited access-seeking social lures retain credential and malicious-file branches; public-profile harvesting and downstream harm correctly excluded as defining behavior. Detection distinguishes alternative paths and evidence owners.,codex-fresh-final-catalog-review
techniques,FT019,7b7fc1a140235d1adb0f4a6ad21169d7753bed50,coherent_in_text,coherent_in_text,not_applicable,coherent_in_text,unresolved,FT054;FT055;FT018,SEM-017,https://docs.stripe.com/security/guide,Cloning trusted appearance fits deception tactic; harvesting and malware are uses. HTTPS is insufficient to establish site legitimacy and its detection advice risks that inference.,codex-fresh-final-catalog-review
techniques,FT020,7b7fc1a140235d1adb0f4a6ad21169d7753bed50,coherent_in_text,coherent_in_text,not_applicable,coherent_in_text,coherent_in_text,FT049;FT052,,,"Stolen identity used in merchant onboarding differs from generic fake-business onboarding. Defense evasion plausible as false identity, while resource creation is another lens; no mandatory multi-tactic change inferred.",codex-fresh-final-catalog-review
techniques,FT021,7b7fc1a140235d1adb0f4a6ad21169d7753bed50,coherent_in_text,coherent_in_text,not_applicable,coherent_in_text,coherent_in_text,FT007.010;FT008.003;FT018;FT010.003,,https://attack.mitre.org/techniques/T1566/003/;https://attack.mitre.org/techniques/T1585/001/;https://attack.mitre.org/techniques/T1586/001/,"Edited trusted-identity misrepresentation is distinct from fictional personas, acquisition and phishing. V1 concealment tactic choice defensible; detection checks authorization, not sentiment alone.",codex-fresh-final-catalog-review
techniques,FT022,7b7fc1a140235d1adb0f4a6ad21169d7753bed50,unresolved,unresolved,not_applicable,coherent_in_text,coherent_in_text,FT030;FT050;FT051,SEM-018,,Describes rapid stolen-card spending after testing; Defense Evasion placement and 'Churning' terminology lack a clear concealment-specific boundary. Velocity detection is relevant.,codex-fresh-final-catalog-review
techniques,FT023,7b7fc1a140235d1adb0f4a6ad21169d7753bed50,confirmed_defect,confirmed_defect,not_applicable,confirmed_defect,confirmed_defect,FT035,SEM-019,,All examples describe legitimate complaint resolution; adversarial evasion is not established. Duplicate-name peer repeats this problem and detection recommends the behavior itself.,codex-fresh-final-catalog-review
techniques,FT024,7b7fc1a140235d1adb0f4a6ad21169d7753bed50,unresolved,coherent_in_text,not_applicable,unresolved,coherent_in_text,FT033.004,SEM-020,,False/reused tracking to defeat disputes coherently fits evasion; overlaps fabricated shipping child. Carrier/address correlation useful but requires carrier data access.,codex-fresh-final-catalog-review
techniques,FT025,7b7fc1a140235d1adb0f4a6ad21169d7753bed50,coherent_in_text,coherent_in_text,not_applicable,coherent_in_text,coherent_in_text,FT054;FT018,,,Fabricated reputation signals fit deception; phishing links are subsequent use. Review timing/text/accounts are leads; verified purchase does not itself authenticate a review.,codex-fresh-final-catalog-review
techniques,FT026,7b7fc1a140235d1adb0f4a6ad21169d7753bed50,coherent_in_text,coherent_in_text,not_applicable,unresolved,coherent_in_text,FT026.001;FT026.002;FT026.003;FT026.004;FT026.005,SEM-021,,"Parent prose centers financial-statement manipulation while children target onboarding/identity documents. Broad title could contain both, but parent needs explicit scope linkage; accounting detection misses document forgery.",codex-fresh-final-catalog-review
techniques,FT026.001,7b7fc1a140235d1adb0f4a6ad21169d7753bed50,coherent_in_text,coherent_in_text,unresolved,unresolved,coherent_in_text,FT049,SEM-021,,Forged business-registration evidence coherently fits broad falsification title and evasion. Registry corroboration relevant; availability and authorization depend on jurisdiction.,codex-fresh-final-catalog-review
techniques,FT026.002,7b7fc1a140235d1adb0f4a6ad21169d7753bed50,coherent_in_text,coherent_in_text,unresolved,unresolved,coherent_in_text,FT026.001;FT049,SEM-021,,"License confers permission versus registration establishing entity; distinction intentional. Document and issuing-authority checks relevant, subject to jurisdiction and access.",codex-fresh-final-catalog-review
techniques,FT026.003,7b7fc1a140235d1adb0f4a6ad21169d7753bed50,coherent_in_text,coherent_in_text,unresolved,unresolved,coherent_in_text,FT026.001,SEM-021,,"VAT registration evidence is a distinct verification object; forged-number/document checks plausible, but country-specific access/acceptance are not validated.",codex-fresh-final-catalog-review
techniques,FT026.004,7b7fc1a140235d1adb0f4a6ad21169d7753bed50,coherent_in_text,coherent_in_text,unresolved,unresolved,coherent_in_text,FT026.005,SEM-021,,"EIN verification-letter forgery is coherent; lawful database-access qualifier helps. Need official nomenclature/source retention and onboarding acceptance evidence, not proof that every processor accepts it.",codex-fresh-final-catalog-review
techniques,FT026.005,7b7fc1a140235d1adb0f4a6ad21169d7753bed50,unresolved,coherent_in_text,unresolved,unresolved,coherent_in_text,FT026.004,SEM-021;SEM-022,,SS-4 application versus issued EIN confirmation naming is imprecise and risks conflating separate documents; official-source follow-up needed. Corroboration logic is otherwise plausible.,codex-fresh-final-catalog-review
techniques,FT027,7b7fc1a140235d1adb0f4a6ad21169d7753bed50,coherent_in_text,confirmed_defect,not_applicable,coherent_in_text,coherent_in_text,FT027.001;FT027.002;FT027.003,V1-048,,Post-access privilege/capability discovery coheres as internal discovery. Referenced tactic absent; neither pre-target Reconnaissance nor execution automatically resolves intent. UI/API visibility assumed.,codex-fresh-final-catalog-review
techniques,FT027.001,7b7fc1a140235d1adb0f4a6ad21169d7753bed50,coherent_in_text,confirmed_defect,coherent_in_text,coherent_in_text,coherent_in_text,FT038.002,V1-049,,Balance/payout reconnaissance fits enumeration parent and differs from exporting reports for theft. API balance reads are plausible; detailed log availability needs deployment evidence.,codex-fresh-final-catalog-review
techniques,FT027.002,7b7fc1a140235d1adb0f4a6ad21169d7753bed50,unresolved,confirmed_defect,coherent_in_text,unresolved,coherent_in_text,FT042.007,V1-050;SEM-023,https://docs.stripe.com/api/radar/value_lists;https://docs.stripe.com/radar/rules,Feature discovery plausible; claimed Stripe Standard/Pro/Enterprise account-tier structure is unsupported. Specify actual product/account capabilities and APIs before validating examples.,codex-fresh-final-catalog-review
techniques,FT027.003,7b7fc1a140235d1adb0f4a6ad21169d7753bed50,unresolved,confirmed_defect,coherent_in_text,unresolved,coherent_in_text,FT030,V1-051;SEM-023,https://docs.stripe.com/api/radar/value_lists;https://docs.stripe.com/radar/rules,Rule inspection and black-box probing are different discovery routes. Dashboard scope plausible; general rule-list API and hypothetical testing capability need endpoint evidence.,codex-fresh-final-catalog-review
techniques,FT028,7b7fc1a140235d1adb0f4a6ad21169d7753bed50,coherent_in_text,unresolved,not_applicable,coherent_in_text,coherent_in_text,FT016;FT018,SEM-024,,Phishing from a compromised relationship can expand access; customer payment-diversion examples are not necessarily internal lateral movement. Needs boundary for external victims versus internal proliferation.,codex-fresh-final-catalog-review
techniques,FT029,7b7fc1a140235d1adb0f4a6ad21169d7753bed50,unresolved,coherent_in_text,not_applicable,unresolved,confirmed_defect,FT037.001;FT042.002;FT042.006,SEM-002;SEM-025,https://docs.stripe.com/get-started/account/teams/roles;https://pages.nist.gov/800-63-4/sp800-63b.html,"Cross-account trusted permissions can propagate access, but example equates accountant access with payout-settings authority. Roles are capability-specific; exact preconditions need evidence.",codex-fresh-final-catalog-review
techniques,FT030,7b7fc1a140235d1adb0f4a6ad21169d7753bed50,coherent_in_text,coherent_in_text,not_applicable,coherent_in_text,coherent_in_text,FT022;FT040,,,"Testing stolen cards by low-value attempts coheres under transactions and differs from monetization. Payment-attempt telemetry useful; account and IP velocities are corroborative, not universal rules.",codex-fresh-final-catalog-review
techniques,FT031,7b7fc1a140235d1adb0f4a6ad21169d7753bed50,unresolved,unresolved,not_applicable,unresolved,coherent_in_text,FT032.001;FT055,SEM-026,,Legitimate gateway compromise differs from a counterfeit gateway. Merchant checkout tampering examples need a clearer boundary from gateway-infrastructure compromise; provider and merchant visibility differ.,codex-fresh-final-catalog-review
techniques,FT032,7b7fc1a140235d1adb0f4a6ad21169d7753bed50,unresolved,unresolved,not_applicable,unresolved,coherent_in_text,FT032.001;FT053.003;FT055,SEM-026,,"Parent defines digital frontend skimming almost entirely as JavaScript, making child near-duplicate; fake phishing site example changes mechanism. Collection tactic fit also warrants owner review.",codex-fresh-final-catalog-review
techniques,FT032.001,7b7fc1a140235d1adb0f4a6ad21169d7753bed50,unresolved,unresolved,coherent_in_text,unresolved,coherent_in_text,FT032;FT014,SEM-026,,"Injected JavaScript data capture is coherent, but little contrast remains with parent. Script-integrity and outbound-request evidence relevant; CSP/SRI do not cover all trusted-script compromise.",codex-fresh-final-catalog-review
techniques,FT033,7b7fc1a140235d1adb0f4a6ad21169d7753bed50,confirmed_defect,coherent_in_text,not_applicable,confirmed_defect,coherent_in_text,FT033.001;FT033.002;FT033.003;FT033.004;FT051,SEM-027,,Buyer avoidance of shipping-address collection is a different actor/behavior from seller non-fulfillment children. This is a substantive hierarchy defect beyond blank parent fields.,codex-fresh-final-catalog-review
techniques,FT033.001,7b7fc1a140235d1adb0f4a6ad21169d7753bed50,confirmed_defect,coherent_in_text,confirmed_defect,confirmed_defect,coherent_in_text,FT054;FT033.004,SEM-027;SEM-028,,Deliberate seller non-delivery is coherent but does not specialize buyer shipping-address evasion. Claimed typical10-to50-dollar price range lacks evidence; complaints/fulfillment mismatch are leads.,codex-fresh-final-catalog-review
techniques,FT033.002,7b7fc1a140235d1adb0f4a6ad21169d7753bed50,confirmed_defect,coherent_in_text,confirmed_defect,confirmed_defect,coherent_in_text,FT033.001,SEM-027;SEM-028,,Selective fulfillment differs from total non-delivery; first example reverses its rationale by shipping cheap orders then invoking reluctance to dispute cheap items. Parent concept mismatch remains.,codex-fresh-final-catalog-review
techniques,FT033.003,7b7fc1a140235d1adb0f4a6ad21169d7753bed50,confirmed_defect,coherent_in_text,confirmed_defect,confirmed_defect,confirmed_defect,FT033.002;FT054,V1-052;V1-053;V1-054;SEM-013;SEM-027,,"Deliberately wrong goods is coherent seller fraud, distinct from never shipping; parent semantics conflict and detection absent. Existing blank-parent/date anomalies remain.",codex-fresh-final-catalog-review
techniques,FT033.004,7b7fc1a140235d1adb0f4a6ad21169d7753bed50,confirmed_defect,coherent_in_text,confirmed_defect,confirmed_defect,confirmed_defect,FT024;FT033.001,V1-055;V1-056;SEM-013;SEM-020;SEM-027,,"Fabricated shipment status overlaps FT024; delay-versus-dispute emphasis is a possible distinction, not yet a clean boundary. Parent mismatch and missing detection remain.",codex-fresh-final-catalog-review
techniques,FT034,7b7fc1a140235d1adb0f4a6ad21169d7753bed50,coherent_in_text,coherent_in_text,not_applicable,confirmed_defect,coherent_in_text,FT051;FT054,SEM-029,,"Three-party stolen-card fulfillment chain is coherent and distinct from no-delivery. Profit is victim customer payment, not necessarily a price spread; shipping/billing mismatch alone is weak evidence.",codex-fresh-final-catalog-review
techniques,FT035,7b7fc1a140235d1adb0f4a6ad21169d7753bed50,confirmed_defect,confirmed_defect,not_applicable,confirmed_defect,confirmed_defect,FT023,SEM-019,,"Description and detection prescribe ordinary service recovery; adversarial transaction manipulation absent. Duplicate name is insufficient justification to merge, but semantic distinction is missing.",codex-fresh-final-catalog-review
techniques,FT036,7b7fc1a140235d1adb0f4a6ad21169d7753bed50,coherent_in_text,coherent_in_text,not_applicable,unresolved,coherent_in_text,FT033.001;FT033.003,SEM-030,,Dishonest buyer refund/return claims differ from merchant non-fulfillment. Non-defective returns alone can be legitimate; deception/policy breach must remain the criterion.,codex-fresh-final-catalog-review
techniques,FT056,7b7fc1a140235d1adb0f4a6ad21169d7753bed50,unresolved,coherent_in_text,not_applicable,unresolved,confirmed_defect,FT030,SEM-013;SEM-031,https://support.stripe.com/questions/why-are-some-payments-successful-without-authentication-even-when-3d-secure-was-requested?locale=en-GB,Historical FT053 collision repaired and UUID distinct. Specific single-letter-name fail-open claim requires processor/version/issuer evidence; normal fallback is not proof of universal bypass. Detection absent.,codex-fresh-final-catalog-review
techniques,FT037,7b7fc1a140235d1adb0f4a6ad21169d7753bed50,unresolved,unresolved,not_applicable,unresolved,coherent_in_text,FT042;FT048,SEM-032,,"Account control/persistence can fit broad V1 C2, but bank/payout examples duplicate cash-out family. Need intent boundary and concrete control-maintenance examples.",codex-fresh-final-catalog-review
techniques,FT037.001,7b7fc1a140235d1adb0f4a6ad21169d7753bed50,confirmed_defect,coherent_in_text,coherent_in_text,confirmed_defect,coherent_in_text,FT037.002,SEM-033,,Unauthorized added team member supports persistence under V1 C2; audit of membership/roles is relevant. Distinction from Additional Authorized Account is not established.,codex-fresh-final-catalog-review
techniques,FT037.002,7b7fc1a140235d1adb0f4a6ad21169d7753bed50,confirmed_defect,coherent_in_text,coherent_in_text,confirmed_defect,coherent_in_text,FT037.001,SEM-033,,New users and permissions repeat sibling almost completely; no distinct authorization object is defined. Same detection surface; preserve UUID until owner decides taxonomy.,codex-fresh-final-catalog-review
techniques,FT037.003,7b7fc1a140235d1adb0f4a6ad21169d7753bed50,unresolved,unresolved,coherent_in_text,unresolved,coherent_in_text,FT042.005;FT042.002,SEM-032,,"Text means bank/debit payout destination, while same-named FT042.002 means Stripe account linkage. This is intentional object distinction obscured by names; overlaps FT042.005 directly.",codex-fresh-final-catalog-review
techniques,FT038,7b7fc1a140235d1adb0f4a6ad21169d7753bed50,unresolved,coherent_in_text,not_applicable,unresolved,unresolved,FT039,SEM-034;SEM-036,https://docs.stripe.com/get-started/account/teams/roles,"Unauthorized data extraction coherent; claimed direct database access via compromised Stripe account needs support. Most examples are supported types of exports, but exact field visibility is not established.",codex-fresh-final-catalog-review
techniques,FT038.001,7b7fc1a140235d1adb0f4a6ad21169d7753bed50,coherent_in_text,coherent_in_text,coherent_in_text,coherent_in_text,coherent_in_text,FT038.003;FT038.004,,,Revenue data is the target object; reporting route overlaps Sigma/billing analytics and can be multi-mapped. Export anomalies require account audit visibility and authorization context.,codex-fresh-final-catalog-review
techniques,FT038.002,7b7fc1a140235d1adb0f4a6ad21169d7753bed50,confirmed_defect,coherent_in_text,coherent_in_text,confirmed_defect,unresolved,FT044;FT042.005,SEM-034;SEM-035,https://docs.stripe.com/get-started/account/teams/roles,"Payout-report theft fits parent, but diverting funds is not data exfiltration. Claimed bank-number completeness and export fields require evidence; schedule anomalies may indicate another technique.",codex-fresh-final-catalog-review
techniques,FT038.003,7b7fc1a140235d1adb0f4a6ad21169d7753bed50,coherent_in_text,coherent_in_text,coherent_in_text,coherent_in_text,coherent_in_text,FT038.001;FT038.004,,,"Billing/subscription analytics is a coherent data subset, overlapping revenue and Sigma route. Detection assumes account audit access; aggregate metric export differs from exposed full payment credentials.",codex-fresh-final-catalog-review
techniques,FT038.004,7b7fc1a140235d1adb0f4a6ad21169d7753bed50,coherent_in_text,coherent_in_text,coherent_in_text,unresolved,unresolved,FT038.001;FT038.003,SEM-034,https://docs.stripe.com/get-started/account/teams/roles,Sigma query/export abuse is a coherent tool-specific route; generic full-card implications and promised per-query alert/IP-allowlist controls need product evidence.,codex-fresh-final-catalog-review
techniques,FT039,7b7fc1a140235d1adb0f4a6ad21169d7753bed50,confirmed_defect,coherent_in_text,not_applicable,confirmed_defect,coherent_in_text,FT038;FT039.001,SEM-035;SEM-036,,Generic Data Transfer substantially repeats Data Exfiltration; child pipeline route is specific. Copying data does not itself obscure the originating financial ledger as laundering claim implies.,codex-fresh-final-catalog-review
techniques,FT039.001,7b7fc1a140235d1adb0f4a6ad21169d7753bed50,confirmed_defect,coherent_in_text,confirmed_defect,confirmed_defect,coherent_in_text,FT038;FT039,V1-057;SEM-035,,Unauthorized warehouse sharing is coherent; declared parent FT038 differs from intended FT039. Automatic sharing is not deletion of source financial history; laundering inference unsupported.,codex-fresh-final-catalog-review
techniques,FT040,7b7fc1a140235d1adb0f4a6ad21169d7753bed50,unresolved,unresolved,not_applicable,coherent_in_text,unresolved,FT030;FT051,SEM-037,,"Carding-market trade is resource procurement/sale, but all examples/detection mainly cover subsequent card testing/spending. Cash-out placement requires seller monetization or explicit chain boundary.",codex-fresh-final-catalog-review
techniques,FT041,7b7fc1a140235d1adb0f4a6ad21169d7753bed50,coherent_in_text,coherent_in_text,not_applicable,coherent_in_text,coherent_in_text,FT049;FT026,,,Abuse of shell entities to disguise transactions fits laundering; shell status alone does not establish fraud. Corporate and flow verification should corroborate actual abusive activity.,codex-fresh-final-catalog-review
techniques,FT042,7b7fc1a140235d1adb0f4a6ad21169d7753bed50,unresolved,unresolved,not_applicable,unresolved,coherent_in_text,FT037,SEM-032,,"Cash-out intent distinguishes from persistence in principle, but broad prose includes unauthorized access and repeats FT037. Mapping convention needed; UUIDs must remain distinct meanwhile.",codex-fresh-final-catalog-review
techniques,FT042.001,7b7fc1a140235d1adb0f4a6ad21169d7753bed50,unresolved,coherent_in_text,coherent_in_text,unresolved,coherent_in_text,FT037.003;FT042.005,SEM-038,https://docs.stripe.com/get-started/account/teams/roles,"Added consumer payment instruments differ from merchant payout destinations, but description mixes both. Monitoring added instruments useful with ownership and transaction context.",codex-fresh-final-catalog-review
techniques,FT042.002,7b7fc1a140235d1adb0f4a6ad21169d7753bed50,unresolved,coherent_in_text,coherent_in_text,unresolved,coherent_in_text,FT029;FT042.006;FT037.003,SEM-038,https://docs.stripe.com/get-started/account/teams/roles,Other Stripe-account linkage differs from bank destinations despite identical title. Generic linking does not automatically confer balances/authority; specify Connect/organization/trust mechanism.,codex-fresh-final-catalog-review
techniques,FT042.003,7b7fc1a140235d1adb0f4a6ad21169d7753bed50,coherent_in_text,coherent_in_text,coherent_in_text,confirmed_defect,confirmed_defect,FT042.007,SEM-039,https://docs.stripe.com/payments/buy-now-pay-later,"BNPL enablement may be abused, but merchant-controlled credit terms/delayed merchant payment assertions conflict with provider-funded BNPL. Detection targets settings that may not exist.",codex-fresh-final-catalog-review
techniques,FT042.004,7b7fc1a140235d1adb0f4a6ad21169d7753bed50,unresolved,coherent_in_text,coherent_in_text,unresolved,coherent_in_text,FT044;FT042.005,SEM-040,https://docs.stripe.com/payouts,Payout schedule manipulation is coherent but duplicates Scheduled Payout; adding independent schedules/destinations requires product-specific evidence. Schedule and destination are distinct settings.,codex-fresh-final-catalog-review
techniques,FT042.005,7b7fc1a140235d1adb0f4a6ad21169d7753bed50,unresolved,unresolved,coherent_in_text,unresolved,coherent_in_text,FT037.003;FT042.004,SEM-032,,Unauthorized bank destination addition fits cash-out; same concrete behavior exists in C2 sibling. Authorization and configuration logs relevant; do not assume bank addition alone guarantees payout.,codex-fresh-final-catalog-review
techniques,FT042.006,7b7fc1a140235d1adb0f4a6ad21169d7753bed50,coherent_in_text,coherent_in_text,coherent_in_text,coherent_in_text,confirmed_defect,FT042.002,SEM-041,,"Unauthorized Connect child creation fits cash-out preparation, but detection is copied from feature enablement and omits creation/ownership/destination events.",codex-fresh-final-catalog-review
techniques,FT042.007,7b7fc1a140235d1adb0f4a6ad21169d7753bed50,unresolved,coherent_in_text,coherent_in_text,unresolved,coherent_in_text,FT027.002,SEM-042,,Unauthorized feature enablement coherent in principle; transaction-limit and international-toggle examples require actual product permissions and provider controls. Account/API visibility not universal.,codex-fresh-final-catalog-review
techniques,FT042.008,7b7fc1a140235d1adb0f4a6ad21169d7753bed50,unresolved,coherent_in_text,coherent_in_text,unresolved,coherent_in_text,FT042.005,SEM-042,,Unauthorized funding-source top-up is coherent cash-out preparation; promotional credits/balance inflation claims need support. Distinguish moving real funds from creating artificial balance.,codex-fresh-final-catalog-review
techniques,FT043,7b7fc1a140235d1adb0f4a6ad21169d7753bed50,unresolved,coherent_in_text,not_applicable,unresolved,coherent_in_text,FT044;FT042.004,SEM-040,https://docs.stripe.com/payouts,"Recurring unauthorized funds transfer is coherent; Stripe transfer versus bank payout semantics need explicit destination/object boundary. Reporting-threshold evasion is a scenario, not a universal threshold.",codex-fresh-final-catalog-review
techniques,FT044,7b7fc1a140235d1adb0f4a6ad21169d7753bed50,unresolved,coherent_in_text,not_applicable,unresolved,coherent_in_text,FT042.004;FT043,SEM-040,https://docs.stripe.com/payouts,Timing cash-out through payout settings fits tactic but overlaps schedule-manipulation child. Need product-supported multi-schedule semantics and destination constraints.,codex-fresh-final-catalog-review
techniques,FT045,7b7fc1a140235d1adb0f4a6ad21169d7753bed50,coherent_in_text,coherent_in_text,not_applicable,coherent_in_text,coherent_in_text,FT046;FT007.001,,,"Distributed traffic disruption fits Impact; provider/network visibility required. Target descriptions are hypothetical scenarios, not claims of observed Stripe incidents; legal-reporting generalization unvalidated.",codex-fresh-final-catalog-review
techniques,FT046,7b7fc1a140235d1adb0f4a6ad21169d7753bed50,coherent_in_text,coherent_in_text,not_applicable,coherent_in_text,coherent_in_text,FT045,,,"Single-source service exhaustion is distinguishable from distributed floods, but DoS is broader than flooding. Availability/traffic evidence coherent where infrastructure telemetry exists.",codex-fresh-final-catalog-review
techniques,FT047,7b7fc1a140235d1adb0f4a6ad21169d7753bed50,unresolved,unresolved,not_applicable,unresolved,coherent_in_text,FT048,SEM-043,,Deleting account/control artifacts to hinder inquiry fits evidence concealment intent; merchant ability to delete Stripe security logs or all traces is unproven. Preserve provider-retention limits.,codex-fresh-final-catalog-review
techniques,FT048,7b7fc1a140235d1adb0f4a6ad21169d7753bed50,unresolved,unresolved,not_applicable,unresolved,coherent_in_text,FT037;FT011,SEM-043,,Locking out legitimate owners fits persistence/control or disruption more directly than destruction of evidence. Evidence-obstruction intent possible but removal itself does not erase audit logs.,codex-fresh-final-catalog-review
techniques,FT049,7b7fc1a140235d1adb0f4a6ad21169d7753bed50,coherent_in_text,coherent_in_text,not_applicable,coherent_in_text,coherent_in_text,FT020;FT026;FT054,,,"Fraudulent merchant onboarding fits platform entry; stolen identity is one variant, not required. Resource Development is another plausible objective; V1 choice requires consistent mapping, not silent reclassification.",codex-fresh-final-catalog-review
techniques,FT050,7b7fc1a140235d1adb0f4a6ad21169d7753bed50,unresolved,coherent_in_text,not_applicable,unresolved,coherent_in_text,FT051;FT053.003,SEM-044,,"Conversion to cash coherent, but ordinary online card fields do not establish usable magnetic-stripe track data/PIN for ATM cloning. Specify prerequisites and separate card-present from resale route.",codex-fresh-final-catalog-review
techniques,FT051,7b7fc1a140235d1adb0f4a6ad21169d7753bed50,unresolved,unresolved,not_applicable,unresolved,coherent_in_text,FT050;FT022,SEM-045,,"Stolen-payment purchasing for resale/cash-out coherent, while purchases for personal use/resource building are broader than laundering. Transaction signals do not prove subsequent monetization.",codex-fresh-final-catalog-review
techniques,FT051.001,7b7fc1a140235d1adb0f4a6ad21169d7753bed50,unresolved,unresolved,coherent_in_text,unresolved,coherent_in_text,FT051.002;FT051.003;FT051.004,V1-058;SEM-045,,Subscription resale can monetize theft; recurring purchase of legitimate services alone is not a specified laundering chain. 'Subscription stuffing' also conflates credential testing with procurement.,codex-fresh-final-catalog-review
techniques,FT051.002,7b7fc1a140235d1adb0f4a6ad21169d7753bed50,unresolved,unresolved,coherent_in_text,unresolved,coherent_in_text,FT007.009;FT051.001,V1-059;SEM-045,,Buying SMS capacity can be resource development; alleged laundering/reshipping route lacks a coherent digital-service-to-proceeds mechanism. Provider payment evidence supports procurement only.,codex-fresh-final-catalog-review
techniques,FT051.003,7b7fc1a140235d1adb0f4a6ad21169d7753bed50,unresolved,coherent_in_text,coherent_in_text,unresolved,unresolved,FT051.001,V1-060;SEM-046,,Title says LLM Services but all prose/detection concerns language-learning materials. Intended concept must be decided before any rewrite; preserving current UUID does not settle replacement identity.,codex-fresh-final-catalog-review
techniques,FT051.004,7b7fc1a140235d1adb0f4a6ad21169d7753bed50,unresolved,unresolved,coherent_in_text,unresolved,coherent_in_text,FT051.001,V1-061;SEM-045,,Nitro/gift resale is a plausible monetization route; merely gifting or using services does not prove funds laundering. Platform/payment-provider data required for transaction correlations.,codex-fresh-final-catalog-review
techniques,FT052,7b7fc1a140235d1adb0f4a6ad21169d7753bed50,coherent_in_text,coherent_in_text,not_applicable,unresolved,unresolved,FT020;FT026;FT011.005,SEM-047,https://docs.stripe.com/identity/verification-checks,"Identity-document fabrication fits evasion; document, holder-binding and onboarding outcomes are separate checks. Generic global databases/AI/metadata claims require explicit coverage and failure limits.",codex-fresh-final-catalog-review
techniques,FT052.001,7b7fc1a140235d1adb0f4a6ad21169d7753bed50,coherent_in_text,coherent_in_text,coherent_in_text,unresolved,unresolved,FT052.008,SEM-047,https://docs.stripe.com/identity/verification-checks,"Passport booklet forgery is distinct from passport card; flat images cannot demonstrate genuine optical/UV features. Biometric face match is holder comparison, not proof identity document is genuine.",codex-fresh-final-catalog-review
techniques,FT052.002,7b7fc1a140235d1adb0f4a6ad21169d7753bed50,coherent_in_text,coherent_in_text,coherent_in_text,unresolved,unresolved,FT052.009,SEM-047,https://docs.stripe.com/identity/verification-checks,"Driver license is distinct from non-driver state ID, although attack mechanism shared. Claimed global verification and metadata/AI certainty need qualification and supported jurisdiction scope.",codex-fresh-final-catalog-review
techniques,FT052.003,7b7fc1a140235d1adb0f4a6ad21169d7753bed50,coherent_in_text,coherent_in_text,coherent_in_text,unresolved,unresolved,FT052.009,SEM-047,https://docs.stripe.com/identity/verification-checks,"National-card forgery fits parent; jurisdiction-specific document types distinct from US state cards. Database access, image features and platform acceptance require evidence.",codex-fresh-final-catalog-review
techniques,FT052.004,7b7fc1a140235d1adb0f4a6ad21169d7753bed50,unresolved,coherent_in_text,coherent_in_text,unresolved,unresolved,FT052.006;FT052.007,SEM-047;SEM-048,https://docs.stripe.com/identity/verification-checks,US visa-card nomenclature and acceptance are ambiguous relative to visa foil/BCC/green card. Preserve separate ID pending owner decision; document claims need official examples.,codex-fresh-final-catalog-review
techniques,FT052.005,7b7fc1a140235d1adb0f4a6ad21169d7753bed50,coherent_in_text,coherent_in_text,coherent_in_text,unresolved,unresolved,FT052.009,SEM-047,https://docs.stripe.com/identity/verification-checks,Municipal NYC identity card is a distinct issuer object; actual Stripe acceptance and database access are not established. Detection generic rather than issuer-specific.,codex-fresh-final-catalog-review
techniques,FT052.006,7b7fc1a140235d1adb0f4a6ad21169d7753bed50,unresolved,coherent_in_text,coherent_in_text,unresolved,unresolved,FT052.004,SEM-047;SEM-048,https://docs.stripe.com/identity/verification-checks,BCC is a specific identity/travel object; distinction from generic US visa-card entry needs documented issuer scope. Verification-access and feature-observation limitations remain.,codex-fresh-final-catalog-review
techniques,FT052.007,7b7fc1a140235d1adb0f4a6ad21169d7753bed50,coherent_in_text,coherent_in_text,coherent_in_text,unresolved,unresolved,FT052.004,SEM-047,https://docs.stripe.com/identity/verification-checks,"Residence permit/green card forgery coherent but groups jurisdictions/document families. Generic image, holder-match and registry checks need explicit limits and platform acceptance scope.",codex-fresh-final-catalog-review
techniques,FT052.008,7b7fc1a140235d1adb0f4a6ad21169d7753bed50,coherent_in_text,coherent_in_text,coherent_in_text,unresolved,confirmed_defect,FT052.001;FT052.007,SEM-047;SEM-049,https://docs.stripe.com/identity/verification-checks,"Passport-card description is distinct, but entire detection section instead names resident permits/green cards. Confirmed copied-object defect alongside generic evidence limitations.",codex-fresh-final-catalog-review
techniques,FT052.009,7b7fc1a140235d1adb0f4a6ad21169d7753bed50,coherent_in_text,coherent_in_text,coherent_in_text,unresolved,confirmed_defect,FT052.002;FT052.007,SEM-047;SEM-049,https://docs.stripe.com/identity/verification-checks,"State ID description is coherent, but entire detection section instead names resident permits/green cards. Distinguish non-driver ID from license and correct object-specific guidance separately.",codex-fresh-final-catalog-review
techniques,FT053,7b7fc1a140235d1adb0f4a6ad21169d7753bed50,unresolved,unresolved,not_applicable,unresolved,confirmed_defect,FT005;FT016;FT032,SEM-013;SEM-050,,"Payment-data elicitation coherent, but Collection tactic seems closer than transaction manipulation and parent overlaps Card Details child. Detection missing; distinct UUID from3DS preserved.",codex-fresh-final-catalog-review
techniques,FT053.001,7b7fc1a140235d1adb0f4a6ad21169d7753bed50,unresolved,unresolved,coherent_in_text,unresolved,confirmed_defect,FT053.003,SEM-013;SEM-044;SEM-050,,"Billing Information includes card number/CVV/expiry, making sibling Card Details substantially duplicate. Need billing-address versus instrument-fields boundary; no detection provided.",codex-fresh-final-catalog-review
techniques,FT053.002,7b7fc1a140235d1adb0f4a6ad21169d7753bed50,unresolved,unresolved,coherent_in_text,unresolved,confirmed_defect,FT005,SEM-013;SEM-050,,Shipping contact collection is a distinct information object but need not collect a cardholder's card data. Broad parent can contain it if intent explicit; no detection provided.,codex-fresh-final-catalog-review
techniques,FT053.003,7b7fc1a140235d1adb0f4a6ad21169d7753bed50,unresolved,unresolved,coherent_in_text,unresolved,confirmed_defect,FT053.001;FT032;FT055,SEM-013;SEM-044;SEM-050,,Instrument-data collection via lures/malware is coherent; overlaps billing sibling and digital skimming route. Online fields alone insufficient for magnetic-stripe cloning; detection missing.,codex-fresh-final-catalog-review
techniques,FT054,7b7fc1a140235d1adb0f4a6ad21169d7753bed50,coherent_in_text,coherent_in_text,not_applicable,coherent_in_text,confirmed_defect,FT019;FT033.001;FT049,SEM-013,,"Fraud storefront presentation differs from merchant-account onboarding and fulfillment fraud, though they chain. Cloning is an optional route; no detection provided.",codex-fresh-final-catalog-review
techniques,FT055,7b7fc1a140235d1adb0f4a6ad21169d7753bed50,coherent_in_text,coherent_in_text,not_applicable,coherent_in_text,confirmed_defect,FT019;FT031;FT053.003,SEM-013,,Counterfeit payment interface differs from compromising genuine gateway. Credential/card capture is downstream objective; no detection provided.,codex-fresh-final-catalog-review
tactics,FTA001,7b7fc1a140235d1adb0f4a6ad21169d7753bed50,coherent_in_text,not_applicable,not_applicable,coherent_in_text,not_applicable,FT001;FT003;FT004;FT005;FT006,V1-001,,"Target information collection is coherent and all16 assigned techniques broadly concern discovery before access. Purchasing stolen credentials overlaps Resource Development; FT027 is post-access discovery and has no matching tactic, so do not force it here.",codex-fresh-final-catalog-review
tactics,FTA002,7b7fc1a140235d1adb0f4a6ad21169d7753bed50,coherent_in_text,not_applicable,not_applicable,coherent_in_text,not_applicable,FT007;FT008;FT009;FT010,V1-002,,"Resource preparation definition is coherent, including infrastructure and collaborators.21 assigned rows include direct victim intrusion and creation/takeover mixtures; define purpose of prepared resource. Mule/recruitment examples without dedicated techniques are coverage opportunities, not automatically defects.",codex-fresh-final-catalog-review
tactics,FTA003,7b7fc1a140235d1adb0f4a6ad21169d7753bed50,coherent_in_text,not_applicable,not_applicable,coherent_in_text,not_applicable,FT011;FT012;FT013;FT014;FT015;FT016;FT017;FT018;FT049,V1-003,,"Unauthorized foothold/access objective coherent.18 assigned rows include fraudulent onboarding and ads; account-entry lens can explain these, but consistency with Resource Development requires convention. No automatic V2 backport.",codex-fresh-final-catalog-review
tactics,FTA004,7b7fc1a140235d1adb0f4a6ad21169d7753bed50,coherent_in_text,not_applicable,not_applicable,coherent_in_text,not_applicable,FTA007;FT027,V1-004,,Definition includes running code and unauthorized transactions; no techniques currently reference Execution. Overlap with Manipulation & Fraudulent Transactions is real but an unused tactic alone does not prove a defect; owner should decide scope/coverage.,codex-fresh-final-catalog-review
tactics,FTA005,7b7fc1a140235d1adb0f4a6ad21169d7753bed50,coherent_in_text,not_applicable,not_applicable,coherent_in_text,not_applicable,FTA012;FT019;FT020;FT021;FT022;FT023;FT026;FT052,V1-005,,"Legitimacy concealment and evading detection are coherent, supporting edited impersonation placement.25 assigned rows include rapid spending and benign dispute handling needing follow-up. Timing/objective distinguishes post-fraud evidence destruction, not an exclusive partition.",codex-fresh-final-catalog-review
tactics,FTA006,7b7fc1a140235d1adb0f4a6ad21169d7753bed50,coherent_in_text,not_applicable,not_applicable,coherent_in_text,not_applicable,FT028;FT029,V1-006,,Expansion from an existing foothold is coherent. Cross-account trusted access fits; external customer payment phishing is not necessarily internal proliferation. Two assigned records reviewed; no observed-incident claim inferred.,codex-fresh-final-catalog-review
tactics,FTA007,7b7fc1a140235d1adb0f4a6ad21169d7753bed50,coherent_in_text,not_applicable,not_applicable,coherent_in_text,not_applicable,FTA004;FTA009;FT030;FT031;FT032;FT033;FT034;FT035;FT036;FT053;FT056,V1-007,,Unauthorized transactions/manipulation coherent;17 assigned rows also contain collection-only behavior and legitimate service. Need objective mapping for skimming/cardholder collection and remove unsupported fraud assumptions; not a mandate to recategorize all today.,codex-fresh-final-catalog-review
tactics,FTA008,7b7fc1a140235d1adb0f4a6ad21169d7753bed50,coherent_in_text,not_applicable,not_applicable,coherent_in_text,not_applicable,FT037;FT037.001;FT037.002;FT037.003,V1-008,,"Definition explicitly includes persistent backdoor access and remote financial actions, making user-account persistence defensible in V1. Bank-destination linkage alone is cash-out rather than a control channel. Four assigned records reviewed; do not impose ATT&CK label semantics automatically.",codex-fresh-final-catalog-review
tactics,FTA009,7b7fc1a140235d1adb0f4a6ad21169d7753bed50,unresolved,not_applicable,not_applicable,unresolved,not_applicable,FT038;FT039;FT053,V1-009;SEM-051,,"Collection/extraction objective coherent; seven assigned rows cover reports and warehouse transfers, but network-only wording understates hosted data and elicited information. FT053/FT032 provide a tactic-boundary question, not proof a missing new tactic is required.",codex-fresh-final-catalog-review
tactics,FTA010,7b7fc1a140235d1adb0f4a6ad21169d7753bed50,unresolved,not_applicable,not_applicable,unresolved,not_applicable,FT040;FT041;FT042;FT043;FT044;FT050;FT051,V1-010;SEM-052,,"Post-fraud concealment and monetization definition coherent, but19 assigned rows include earlier resource procurement and unsupported laundering inferences. Cash-out does not automatically establish laundering, and shell entities alone are not unlawful.",codex-fresh-final-catalog-review
tactics,FTA011,7b7fc1a140235d1adb0f4a6ad21169d7753bed50,coherent_in_text,not_applicable,not_applicable,coherent_in_text,not_applicable,FT045;FT046,V1-011,,Availability/reputation disruption and distraction objective coherent. Two assigned DoS variants differ by distributed source. No independent reputation-manipulation technique is present; that is a coverage opportunity subject to evidence and scope.,codex-fresh-final-catalog-review
tactics,FTA012,7b7fc1a140235d1adb0f4a6ad21169d7753bed50,coherent_in_text,not_applicable,not_applicable,coherent_in_text,not_applicable,FTA005;FT047;FT048,V1-012,,Post-fraud investigation obstruction is coherent and distinguishable by evidence object/purpose. Account deletion may obstruct visibility but need not erase provider records; owner lockout often serves persistence/impact. Two assigned rows reviewed.,codex-fresh-final-catalog-review
