finding_id,rule,catalog,id,field,evidence,severity,disposition,rationale,next_action,reviewer
V1-001,parity,tactics,FTA001,domain,"ee763e93da9a8868db583987aa1b77faa7331c40: ['fraud-attack', 'ft3']",medium,needs_owner_decision,JSON/CSV disagree on tactic domain; upstream intended value requires a decision.,Prepare separate evidence-backed correction proposal,codex
V1-002,parity,tactics,FTA002,domain,"ee763e93da9a8868db583987aa1b77faa7331c40: ['fraud-attack', 'ft3']",medium,needs_owner_decision,JSON/CSV disagree on tactic domain; upstream intended value requires a decision.,Prepare separate evidence-backed correction proposal,codex
V1-003,parity,tactics,FTA003,domain,"ee763e93da9a8868db583987aa1b77faa7331c40: ['fraud-attack', 'ft3']",medium,needs_owner_decision,JSON/CSV disagree on tactic domain; upstream intended value requires a decision.,Prepare separate evidence-backed correction proposal,codex
V1-004,parity,tactics,FTA004,domain,"ee763e93da9a8868db583987aa1b77faa7331c40: ['fraud-attack', 'ft3']",medium,needs_owner_decision,JSON/CSV disagree on tactic domain; upstream intended value requires a decision.,Prepare separate evidence-backed correction proposal,codex
V1-005,parity,tactics,FTA005,domain,"ee763e93da9a8868db583987aa1b77faa7331c40: ['fraud-attack', 'ft3']",medium,needs_owner_decision,JSON/CSV disagree on tactic domain; upstream intended value requires a decision.,Prepare separate evidence-backed correction proposal,codex
V1-006,parity,tactics,FTA006,domain,"ee763e93da9a8868db583987aa1b77faa7331c40: ['fraud-attack', 'ft3']",medium,needs_owner_decision,JSON/CSV disagree on tactic domain; upstream intended value requires a decision.,Prepare separate evidence-backed correction proposal,codex
V1-007,parity,tactics,FTA007,domain,"ee763e93da9a8868db583987aa1b77faa7331c40: ['fraud-attack', 'ft3']",medium,needs_owner_decision,JSON/CSV disagree on tactic domain; upstream intended value requires a decision.,Prepare separate evidence-backed correction proposal,codex
V1-008,parity,tactics,FTA008,domain,"ee763e93da9a8868db583987aa1b77faa7331c40: ['fraud-attack', 'ft3']",medium,needs_owner_decision,JSON/CSV disagree on tactic domain; upstream intended value requires a decision.,Prepare separate evidence-backed correction proposal,codex
V1-009,parity,tactics,FTA009,domain,"ee763e93da9a8868db583987aa1b77faa7331c40: ['fraud-attack', 'ft3']",medium,needs_owner_decision,JSON/CSV disagree on tactic domain; upstream intended value requires a decision.,Prepare separate evidence-backed correction proposal,codex
V1-010,parity,tactics,FTA010,domain,"ee763e93da9a8868db583987aa1b77faa7331c40: ['fraud-attack', 'ft3']",medium,needs_owner_decision,JSON/CSV disagree on tactic domain; upstream intended value requires a decision.,Prepare separate evidence-backed correction proposal,codex
V1-011,parity,tactics,FTA011,domain,"ee763e93da9a8868db583987aa1b77faa7331c40: ['fraud-attack', 'ft3']",medium,needs_owner_decision,JSON/CSV disagree on tactic domain; upstream intended value requires a decision.,Prepare separate evidence-backed correction proposal,codex
V1-012,parity,tactics,FTA012,domain,"ee763e93da9a8868db583987aa1b77faa7331c40: ['fraud-attack', 'ft3']",medium,needs_owner_decision,JSON/CSV disagree on tactic domain; upstream intended value requires a decision.,Prepare separate evidence-backed correction proposal,codex
V1-013,parent_missing,techniques,FT004.001,sub-technique of,ee763e93da9a8868db583987aa1b77faa7331c40: FT0004,medium,needs_owner_decision,Published child has blank or unresolved parent.,Prepare separate evidence-backed correction proposal,codex
V1-014,parent_prefix,techniques,FT004.001,sub-technique of,ee763e93da9a8868db583987aa1b77faa7331c40: FT0004,medium,needs_owner_decision,Published parent conflicts with code prefix; verify intended parent before repair.,Prepare separate evidence-backed correction proposal,codex
V1-015,parent_missing,techniques,FT004.002,sub-technique of,ee763e93da9a8868db583987aa1b77faa7331c40: FT0004,medium,needs_owner_decision,Published child has blank or unresolved parent.,Prepare separate evidence-backed correction proposal,codex
V1-016,parent_prefix,techniques,FT004.002,sub-technique of,ee763e93da9a8868db583987aa1b77faa7331c40: FT0004,medium,needs_owner_decision,Published parent conflicts with code prefix; verify intended parent before repair.,Prepare separate evidence-backed correction proposal,codex
V1-017,parent_missing,techniques,FT004.003,sub-technique of,ee763e93da9a8868db583987aa1b77faa7331c40: FT0004,medium,needs_owner_decision,Published child has blank or unresolved parent.,Prepare separate evidence-backed correction proposal,codex
V1-018,parent_prefix,techniques,FT004.003,sub-technique of,ee763e93da9a8868db583987aa1b77faa7331c40: FT0004,medium,needs_owner_decision,Published parent conflicts with code prefix; verify intended parent before repair.,Prepare separate evidence-backed correction proposal,codex
V1-019,parent_missing,techniques,FT004.004,sub-technique of,ee763e93da9a8868db583987aa1b77faa7331c40: FT0004,medium,needs_owner_decision,Published child has blank or unresolved parent.,Prepare separate evidence-backed correction proposal,codex
V1-020,parent_prefix,techniques,FT004.004,sub-technique of,ee763e93da9a8868db583987aa1b77faa7331c40: FT0004,medium,needs_owner_decision,Published parent conflicts with code prefix; verify intended parent before repair.,Prepare separate evidence-backed correction proposal,codex
V1-021,parent_missing,techniques,FT006.001,sub-technique of,ee763e93da9a8868db583987aa1b77faa7331c40: ,medium,needs_owner_decision,Published child has blank or unresolved parent.,Prepare separate evidence-backed correction proposal,codex
V1-022,parent_prefix,techniques,FT006.001,sub-technique of,ee763e93da9a8868db583987aa1b77faa7331c40: ,medium,needs_owner_decision,Published parent conflicts with code prefix; verify intended parent before repair.,Prepare separate evidence-backed correction proposal,codex
V1-023,parent_prefix,techniques,FT006.002,sub-technique of,ee763e93da9a8868db583987aa1b77faa7331c40: FT007,medium,needs_owner_decision,Published parent conflicts with code prefix; verify intended parent before repair.,Prepare separate evidence-backed correction proposal,codex
V1-024,parent_prefix,techniques,FT006.003,sub-technique of,ee763e93da9a8868db583987aa1b77faa7331c40: FT007,medium,needs_owner_decision,Published parent conflicts with code prefix; verify intended parent before repair.,Prepare separate evidence-backed correction proposal,codex
V1-025,parent_prefix,techniques,FT007.001,sub-technique of,ee763e93da9a8868db583987aa1b77faa7331c40: FT008,medium,needs_owner_decision,Published parent conflicts with code prefix; verify intended parent before repair.,Prepare separate evidence-backed correction proposal,codex
V1-026,parent_prefix,techniques,FT007.002,sub-technique of,ee763e93da9a8868db583987aa1b77faa7331c40: FT008,medium,needs_owner_decision,Published parent conflicts with code prefix; verify intended parent before repair.,Prepare separate evidence-backed correction proposal,codex
V1-027,parent_prefix,techniques,FT007.003,sub-technique of,ee763e93da9a8868db583987aa1b77faa7331c40: FT008,medium,needs_owner_decision,Published parent conflicts with code prefix; verify intended parent before repair.,Prepare separate evidence-backed correction proposal,codex
V1-028,parent_prefix,techniques,FT007.004,sub-technique of,ee763e93da9a8868db583987aa1b77faa7331c40: FT008,medium,needs_owner_decision,Published parent conflicts with code prefix; verify intended parent before repair.,Prepare separate evidence-backed correction proposal,codex
V1-029,parent_prefix,techniques,FT007.005,sub-technique of,ee763e93da9a8868db583987aa1b77faa7331c40: FT008,medium,needs_owner_decision,Published parent conflicts with code prefix; verify intended parent before repair.,Prepare separate evidence-backed correction proposal,codex
V1-030,parent_prefix,techniques,FT007.006,sub-technique of,ee763e93da9a8868db583987aa1b77faa7331c40: FT008,medium,needs_owner_decision,Published parent conflicts with code prefix; verify intended parent before repair.,Prepare separate evidence-backed correction proposal,codex
V1-031,parent_prefix,techniques,FT007.007,sub-technique of,ee763e93da9a8868db583987aa1b77faa7331c40: FT008,medium,needs_owner_decision,Published parent conflicts with code prefix; verify intended parent before repair.,Prepare separate evidence-backed correction proposal,codex
V1-032,parent_prefix,techniques,FT007.008,sub-technique of,ee763e93da9a8868db583987aa1b77faa7331c40: FT008,medium,needs_owner_decision,Published parent conflicts with code prefix; verify intended parent before repair.,Prepare separate evidence-backed correction proposal,codex
V1-033,parent_prefix,techniques,FT007.009,sub-technique of,ee763e93da9a8868db583987aa1b77faa7331c40: FT008,medium,needs_owner_decision,Published parent conflicts with code prefix; verify intended parent before repair.,Prepare separate evidence-backed correction proposal,codex
V1-034,parent_prefix,techniques,FT007.010,sub-technique of,ee763e93da9a8868db583987aa1b77faa7331c40: FT008,medium,needs_owner_decision,Published parent conflicts with code prefix; verify intended parent before repair.,Prepare separate evidence-backed correction proposal,codex
V1-035,parent_prefix,techniques,FT008.001,sub-technique of,ee763e93da9a8868db583987aa1b77faa7331c40: FT009,medium,needs_owner_decision,Published parent conflicts with code prefix; verify intended parent before repair.,Prepare separate evidence-backed correction proposal,codex
V1-036,parent_prefix,techniques,FT008.002,sub-technique of,ee763e93da9a8868db583987aa1b77faa7331c40: FT009,medium,needs_owner_decision,Published parent conflicts with code prefix; verify intended parent before repair.,Prepare separate evidence-backed correction proposal,codex
V1-037,parent_prefix,techniques,FT008.003,sub-technique of,ee763e93da9a8868db583987aa1b77faa7331c40: FT009,medium,needs_owner_decision,Published parent conflicts with code prefix; verify intended parent before repair.,Prepare separate evidence-backed correction proposal,codex
V1-038,parent_prefix,techniques,FT010.001,sub-technique of,ee763e93da9a8868db583987aa1b77faa7331c40: FT011,medium,needs_owner_decision,Published parent conflicts with code prefix; verify intended parent before repair.,Prepare separate evidence-backed correction proposal,codex
V1-039,parent_prefix,techniques,FT010.002,sub-technique of,ee763e93da9a8868db583987aa1b77faa7331c40: FT011,medium,needs_owner_decision,Published parent conflicts with code prefix; verify intended parent before repair.,Prepare separate evidence-backed correction proposal,codex
V1-040,parent_prefix,techniques,FT010.003,sub-technique of,ee763e93da9a8868db583987aa1b77faa7331c40: FT011,medium,needs_owner_decision,Published parent conflicts with code prefix; verify intended parent before repair.,Prepare separate evidence-backed correction proposal,codex
V1-041,parent_prefix,techniques,FT010.004,sub-technique of,ee763e93da9a8868db583987aa1b77faa7331c40: FT011,medium,needs_owner_decision,Published parent conflicts with code prefix; verify intended parent before repair.,Prepare separate evidence-backed correction proposal,codex
V1-042,parent_prefix,techniques,FT011.001,sub-technique of,ee763e93da9a8868db583987aa1b77faa7331c40: FT012,medium,needs_owner_decision,Published parent conflicts with code prefix; verify intended parent before repair.,Prepare separate evidence-backed correction proposal,codex
V1-043,parent_prefix,techniques,FT011.002,sub-technique of,ee763e93da9a8868db583987aa1b77faa7331c40: FT012,medium,needs_owner_decision,Published parent conflicts with code prefix; verify intended parent before repair.,Prepare separate evidence-backed correction proposal,codex
V1-044,parent_prefix,techniques,FT011.003,sub-technique of,ee763e93da9a8868db583987aa1b77faa7331c40: FT012,medium,needs_owner_decision,Published parent conflicts with code prefix; verify intended parent before repair.,Prepare separate evidence-backed correction proposal,codex
V1-045,parent_prefix,techniques,FT011.004,sub-technique of,ee763e93da9a8868db583987aa1b77faa7331c40: FT012,medium,needs_owner_decision,Published parent conflicts with code prefix; verify intended parent before repair.,Prepare separate evidence-backed correction proposal,codex
V1-046,parent_prefix,techniques,FT011.005,sub-technique of,ee763e93da9a8868db583987aa1b77faa7331c40: FT012,medium,needs_owner_decision,Published parent conflicts with code prefix; verify intended parent before repair.,Prepare separate evidence-backed correction proposal,codex
V1-047,parent_prefix,techniques,FT011.006,sub-technique of,ee763e93da9a8868db583987aa1b77faa7331c40: FT012,medium,needs_owner_decision,Published parent conflicts with code prefix; verify intended parent before repair.,Prepare separate evidence-backed correction proposal,codex
V1-048,tactic_missing,techniques,FT027,tactics,ee763e93da9a8868db583987aa1b77faa7331c40: Discovery & Profiling,medium,needs_owner_decision,Referenced tactic is absent from the tactic catalog.,Prepare separate evidence-backed correction proposal,codex
V1-049,tactic_missing,techniques,FT027.001,tactics,ee763e93da9a8868db583987aa1b77faa7331c40: Discovery & Profiling,medium,needs_owner_decision,Referenced tactic is absent from the tactic catalog.,Prepare separate evidence-backed correction proposal,codex
V1-050,tactic_missing,techniques,FT027.002,tactics,ee763e93da9a8868db583987aa1b77faa7331c40: Discovery & Profiling,medium,needs_owner_decision,Referenced tactic is absent from the tactic catalog.,Prepare separate evidence-backed correction proposal,codex
V1-051,tactic_missing,techniques,FT027.003,tactics,ee763e93da9a8868db583987aa1b77faa7331c40: Discovery & Profiling,medium,needs_owner_decision,Referenced tactic is absent from the tactic catalog.,Prepare separate evidence-backed correction proposal,codex
V1-052,chronology,techniques,FT033.003,last_modified,"ee763e93da9a8868db583987aa1b77faa7331c40: ['2/2/25', '1/30/24']",medium,deferred_provenance,Published chronology is inconsistent; no evidence supports inventing a historical date.,Seek original authoring provenance,codex
V1-053,parent_missing,techniques,FT033.003,sub-technique of,ee763e93da9a8868db583987aa1b77faa7331c40: ,medium,needs_owner_decision,Published child has blank or unresolved parent.,Prepare separate evidence-backed correction proposal,codex
V1-054,parent_prefix,techniques,FT033.003,sub-technique of,ee763e93da9a8868db583987aa1b77faa7331c40: ,medium,needs_owner_decision,Published parent conflicts with code prefix; verify intended parent before repair.,Prepare separate evidence-backed correction proposal,codex
V1-055,parent_missing,techniques,FT033.004,sub-technique of,ee763e93da9a8868db583987aa1b77faa7331c40: ,medium,needs_owner_decision,Published child has blank or unresolved parent.,Prepare separate evidence-backed correction proposal,codex
V1-056,parent_prefix,techniques,FT033.004,sub-technique of,ee763e93da9a8868db583987aa1b77faa7331c40: ,medium,needs_owner_decision,Published parent conflicts with code prefix; verify intended parent before repair.,Prepare separate evidence-backed correction proposal,codex
V1-057,parent_prefix,techniques,FT039.001,sub-technique of,ee763e93da9a8868db583987aa1b77faa7331c40: FT038,medium,needs_owner_decision,Published parent conflicts with code prefix; verify intended parent before repair.,Prepare separate evidence-backed correction proposal,codex
V1-058,chronology,techniques,FT051.001,last_modified,"ee763e93da9a8868db583987aa1b77faa7331c40: ['3/4/25', '2/28/24']",medium,deferred_provenance,Published chronology is inconsistent; no evidence supports inventing a historical date.,Seek original authoring provenance,codex
V1-059,chronology,techniques,FT051.002,last_modified,"ee763e93da9a8868db583987aa1b77faa7331c40: ['3/4/25', '2/28/24']",medium,deferred_provenance,Published chronology is inconsistent; no evidence supports inventing a historical date.,Seek original authoring provenance,codex
V1-060,chronology,techniques,FT051.003,last_modified,"ee763e93da9a8868db583987aa1b77faa7331c40: ['3/4/25', '2/28/24']",medium,deferred_provenance,Published chronology is inconsistent; no evidence supports inventing a historical date.,Seek original authoring provenance,codex
V1-061,chronology,techniques,FT051.004,last_modified,"ee763e93da9a8868db583987aa1b77faa7331c40: ['3/4/25', '2/28/24']",medium,deferred_provenance,Published chronology is inconsistent; no evidence supports inventing a historical date.,Seek original authoring provenance,codex
